"nursery","date","species","batch_id","batch_id2","volume","calliper300","rcd","height_m","sizeindex","logSI","logvol","logH","logD","logRCD"
"adelaideadvanced",2016-11-04,"magnolia_grandiflora","MGL_18","MGL_18-magnolia_grandiflora",18,13.445,17.94,1.241,16.685245,1.22233258805805,1.25527250510331,0.0937717814987298,1.12856080655932,1.25382243870807
"adelaideadvanced",2016-11-04,"magnolia_grandiflora","MGL_18","MGL_18-magnolia_grandiflora",18,13.615,21.905,1.202,16.36523,1.2139221133427,1.25527250510331,0.0799044676667207,1.13401764567598,1.34054325751419
"adelaideadvanced",2016-11-04,"magnolia_grandiflora","MGL_18","MGL_18-magnolia_grandiflora",18,15.635,17.92,1.186,18.54311,1.2681825746072,1.25527250510331,0.0740846890282438,1.19409788557895,1.25333800532611
"adelaideadvanced",2016-11-04,"magnolia_grandiflora","MGL_18","MGL_18-magnolia_grandiflora",18,14.165,16.765,1.056,14.95824,1.17488049705425,1.25527250510331,0.0236639181977935,1.15121657885646,1.22440355776484
"adelaideadvanced",2016-11-04,"magnolia_grandiflora","MGL_18","MGL_18-magnolia_grandiflora",18,15.6,21.12,1.301,20.2956,1.30740189491605,1.25527250510331,0.114277296561586,1.19312459835446,1.32469391386177
"adelaideadvanced",2016-11-04,"magnolia_grandiflora","MGL_18","MGL_18-magnolia_grandiflora",18,14.615,18.49,1.16,16.9534,1.22925680892037,1.25527250510331,0.0644579892269184,1.16479881969346,1.26693691115917
"adelaideadvanced",2016-11-04,"magnolia_grandiflora","MGL_18","MGL_18-magnolia_grandiflora",18,16.515,20.53,1.176,19.42164,1.28828589976755,1.25527250510331,0.0704073217401197,1.21787857802743,1.31238894937059
"adelaideadvanced",2016-11-04,"magnolia_grandiflora","MGL_18","MGL_18-magnolia_grandiflora",18,15.025,17.39,1.194,17.93985,1.25381880746813,1.25527250510331,0.0770043267933503,1.17681448067478,1.24029958200271
"adelaideadvanced",2016-11-04,"magnolia_grandiflora","MGL_18","MGL_18-magnolia_grandiflora",18,13.135,16.15,1.07,14.05445,1.1478138548073,1.25527250510331,0.0293837776852097,1.11843007712209,1.20817252666712
"adelaideadvanced",2016-11-04,"magnolia_grandiflora","MGL_18","MGL_18-magnolia_grandiflora",18,12.645,17.02,1.036,13.10022,1.11727858908964,1.25527250510331,0.0153597554092142,1.10191883368042,1.23095955574857
"adelaideadvanced",2016-11-04,"magnolia_grandiflora","MGL_18","MGL_18-magnolia_grandiflora",18,13.96,15.515,1.13,15.7748,1.19796386177056,1.25527250510331,0.0530784434834197,1.14488541828714,1.19075177992018
"adelaideadvanced",2016-11-04,"magnolia_grandiflora","MGL_18","MGL_18-magnolia_grandiflora",18,13.105,16.42,1.021,13.380205,1.12646276736953,1.25527250510331,0.00902574208691021,1.11743702528262,1.21537315278342
"adelaideadvanced",2016-11-04,"magnolia_grandiflora","MGL_18","MGL_18-magnolia_grandiflora",18,15.865,19.865,1.282,20.33893,1.30832810161923,1.25527250510331,0.107888025182799,1.20044007643643,1.29808856939138
"adelaideadvanced",2016-11-04,"magnolia_grandiflora","MGL_18","MGL_18-magnolia_grandiflora",18,15.49,18.665,1.21,18.7429,1.27283678807566,1.25527250510331,0.0827853703164501,1.19005141775921,1.27102799426232
"adelaideadvanced",2016-11-04,"magnolia_grandiflora","MGL_18","MGL_18-magnolia_grandiflora",18,14.445,18.06,1.175,16.972875,1.22975541278797,1.25527250510331,0.0700378666077551,1.15971754618022,1.25671774597749
"adelaideadvanced",2016-11-04,"magnolia_grandiflora","MGL_18","MGL_18-magnolia_grandiflora",18,14.395,16.69,1.18,16.9861,1.23009367652023,1.25527250510331,0.0718820073061254,1.1582116692141,1.22245633667925
"adelaideadvanced",2016-11-04,"magnolia_grandiflora","MGL_18","MGL_18-magnolia_grandiflora",18,17.135,22.605,1.289,22.087015,1.34413702611929,1.25527250510331,0.110252917353403,1.23388410876589,1.35420451137031
"adelaideadvanced",2016-11-04,"ulmus_parvifolia_todd","UMT_27","UMT_27-ulmus_parvifolia_todd",27,31.58,42.455,2.456,77.56048,1.88964048814141,1.43136376415899,0.39022836246913,1.49941212567228,1.62792884521685
"adelaideadvanced",2016-11-04,"ulmus_parvifolia_todd","UMT_27","UMT_27-ulmus_parvifolia_todd",27,27.345,34.645,2.453,67.077285,1.82657547591704,1.43136376415899,0.389697548206386,1.43687792771066,1.53964056566943
"adelaideadvanced",2016-11-04,"ulmus_parvifolia_todd","UMT_27","UMT_27-ulmus_parvifolia_todd",27,22.565,29.29,2.29,51.67385,1.71327082019605,1.43136376415899,0.359835482339888,1.35343533785616,1.4667193716816
"adelaideadvanced",2016-11-04,"ulmus_parvifolia_todd","UMT_27","UMT_27-ulmus_parvifolia_todd",27,26.795,39.95,2.405,64.441975,1.80916884208948,1.43136376415899,0.381115080709851,1.42805376137963,1.60151678365001
"adelaideadvanced",2016-11-04,"ulmus_parvifolia_todd","UMT_27","UMT_27-ulmus_parvifolia_todd",27,25.185,34.855,2.522,63.51657,1.80288703743079,1.43136376415899,0.401745082237063,1.40114195519373,1.54226508707253
"adelaideadvanced",2016-11-04,"ulmus_parvifolia_todd","UMT_27","UMT_27-ulmus_parvifolia_todd",27,22.655,30.845,2.417,54.757135,1.73844071692286,1.43136376415899,0.38327665040765,1.3551640665152,1.48918477458
"adelaideadvanced",2016-11-04,"ulmus_parvifolia_todd","UMT_27","UMT_27-ulmus_parvifolia_todd",27,25.9,31.83,2.42,62.678,1.79711513006168,1.43136376415899,0.383815365980431,1.41329976408125,1.502836638621
"adelaideadvanced",2016-11-04,"ulmus_parvifolia_todd","UMT_27","UMT_27-ulmus_parvifolia_todd",27,22.02,31.69,2.255,49.6551,1.69596386084971,1.43136376415899,0.353146546213979,1.34281731463573,1.5009222391903
"adelaideadvanced",2016-11-04,"ulmus_parvifolia_todd","UMT_27","UMT_27-ulmus_parvifolia_todd",27,24.09,31.73,2.339,56.34651,1.7508670218075,1.43136376415899,0.369030221809153,1.38183679999834,1.50147007210041
"adelaideadvanced",2016-11-04,"ulmus_parvifolia_todd","UMT_27","UMT_27-ulmus_parvifolia_todd",27,21.71,28.535,2.333,50.64943,1.70457456224817,1.43136376415899,0.367914738793753,1.33665982345442,1.45537787688498
"adelaideadvanced",2016-11-04,"ulmus_parvifolia_todd","UMT_27","UMT_27-ulmus_parvifolia_todd",27,24.865,40.42,2.375,59.054375,1.77125207752913,1.43136376415899,0.375663613960885,1.39558846356824,1.60659630917929
"adelaideadvanced",2016-11-04,"ulmus_parvifolia_todd","UMT_27","UMT_27-ulmus_parvifolia_todd",27,25.41,34.285,2.384,60.57744,1.78231091611857,1.43136376415899,0.377306251068199,1.40500466505037,1.53510415380139
"adelaideadvanced",2016-11-04,"ulmus_parvifolia_todd","UMT_27","UMT_27-ulmus_parvifolia_todd",27,21.435,28.155,2.51,53.80185,1.73079720932769,1.43136376415899,0.399673721481038,1.33112348784665,1.44955553167703
"adelaideadvanced",2016-11-04,"ulmus_parvifolia_todd","UMT_27","UMT_27-ulmus_parvifolia_todd",27,29.615,34.465,2.498,73.97827,1.86910417101508,1.43136376415899,0.397592434038117,1.47151173697696,1.53737828283021
"adelaideadvanced",2016-11-04,"ulmus_parvifolia_todd","UMT_27","UMT_27-ulmus_parvifolia_todd",27,24.785,33.23,2.476,61.36766,1.78793956358925,1.43136376415899,0.39375064034808,1.39418892324117,1.52153034127871
"adelaideadvanced",2016-11-04,"ulmus_parvifolia_todd","UMT_27","UMT_27-ulmus_parvifolia_todd",27,26.455,35.2,2.493,65.952315,1.81923004437185,1.43136376415899,0.396722278503774,1.42250776586808,1.54654266347813
"adelaideadvanced",2016-11-04,"ulmus_parvifolia_todd","UMT_27","UMT_27-ulmus_parvifolia_todd",27,22.61,32.89,2.488,56.25368,1.75015093836414,1.43136376415899,0.395850376018781,1.35430056234536,1.51706387348265
"adelaideadvanced",2016-11-04,"ulmus_parvifolia_todd","UMT_27","UMT_27-ulmus_parvifolia_todd",27,24.445,35.195,2.34,57.2013,1.75740589901,1.43136376415899,0.369215857410143,1.38819004159985,1.54648096953927
"adelaideadvanced",2016-11-04,"ulmus_parvifolia_todd","UMT_27","UMT_27-ulmus_parvifolia_todd",27,26.665,34.99,2.354,62.76941,1.79774804652631,1.43136376415899,0.371806458507416,1.4259415880189,1.54394394248291
"adelaideadvanced",2016-11-04,"ulmus_parvifolia_todd","UMT_27","UMT_27-ulmus_parvifolia_todd",27,24.745,33.125,2.382,58.94259,1.77042921529393,1.43136376415899,0.376941757146759,1.39348745814718,1.52015588694486
"adelaideadvanced",2016-11-04,"ulmus_parvifolia_todd","UMT_27","UMT_27-ulmus_parvifolia_todd",27,24.565,31.55,2.49,61.16685,1.78651611556658,1.43136376415899,0.396199347095736,1.39031676847084,1.49899936358015
"adelaideadvanced",2016-11-04,"ulmus_parvifolia_todd","UMT_27","UMT_27-ulmus_parvifolia_todd",27,19.41,25.82,2.194,42.58554,1.62926215862706,1.43136376415899,0.341236623238692,1.28802553538836,1.4119562379304
"adelaideadvanced",2016-11-04,"ulmus_parvifolia_todd","UMT_27","UMT_27-ulmus_parvifolia_todd",27,21.225,28.44,2.18,46.2705,1.6653041925206,1.43136376415899,0.338456493604605,1.32684769891599,1.45392959205773
"adelaideadvanced",2016-11-04,"ulmus_parvifolia_todd","UMT_27","UMT_27-ulmus_parvifolia_todd",27,20.74,30.235,1.962,40.69188,1.60950775509695,1.43136376415899,0.29269900304393,1.31680875205302,1.48050997294196
"adelaideadvanced",2016-11-04,"ulmus_parvifolia_todd","UMT_27","UMT_27-ulmus_parvifolia_todd",27,23.415,28.11,1.997,46.759755,1.6698722269888,1.43136376415899,0.300378064870703,1.3694941621181,1.44886084560744
"adelaideadvanced",2016-11-04,"ulmus_parvifolia_todd","UMT_27","UMT_27-ulmus_parvifolia_todd",27,21.76,27.355,2.257,49.11232,1.6911904501039,1.43136376415899,0.353531559077762,1.33765889102614,1.43703671911349
"adelaideadvanced",2016-11-04,"ulmus_parvifolia_todd","UMT_27","UMT_27-ulmus_parvifolia_todd",27,26.54,33.03,2.181,57.88374,1.76255658410712,1.43136376415899,0.3386556655787,1.42390091852842,1.51890857369141
"adelaideadvanced",2016-11-04,"ulmus_parvifolia_todd","UMT_27","UMT_27-ulmus_parvifolia_todd",27,26.545,35.455,2.21,58.66445,1.76837500336229,1.43136376415899,0.344392273685111,1.42398272967718,1.54967748971056
"adelaideadvanced",2016-11-04,"ulmus_parvifolia_todd","UMT_27","UMT_27-ulmus_parvifolia_todd",27,23.445,34.41,2.117,49.633065,1.69577109509428,1.43136376415899,0.325720858019412,1.37005023707487,1.53668467262093
"adelaideadvanced",2016-11-04,"ulmus_parvifolia_todd","UMT_27","UMT_27-ulmus_parvifolia_todd",27,22.38,33.11,2.203,49.30314,1.6928745793431,1.43136376415899,0.343014497150768,1.34986008219233,1.51995918075207
"adelaideadvanced",2016-11-04,"ulmus_parvifolia_todd","UMT_27","UMT_27-ulmus_parvifolia_todd",27,25.87,32.145,2.186,56.55182,1.75244658633023,1.43136376415899,0.339650157613684,1.41279642871654,1.50711343009751
"adelaideadvanced",2016-11-04,"ulmus_parvifolia_todd","UMT_27","UMT_27-ulmus_parvifolia_todd",27,22.275,32.05,2.203,49.071825,1.69083220985968,1.43136376415899,0.343014497150768,1.34781771270891,1.50582803385484
"adelaideadvanced",2016-11-04,"ulmus_parvifolia_todd","UMT_27","UMT_27-ulmus_parvifolia_todd",27,22.065,28.51,2.174,47.96931,1.68096347153349,1.43136376415899,0.337259539750276,1.34370393178321,1.45499721730946
"adelaideadvanced",2016-11-04,"ulmus_parvifolia_todd","UMT_27","UMT_27-ulmus_parvifolia_todd",27,22.275,28.835,2.055,45.775125,1.660629538921,1.43136376415899,0.312811826212088,1.34781771270891,1.45991995574692
"adelaideadvanced",2016-11-04,"ulmus_parvifolia_todd","UMT_27","UMT_27-ulmus_parvifolia_todd",27,24.215,31.745,2.237,54.168955,1.73375045747919,1.43136376415899,0.34966598409663,1.38408447338256,1.50167533141037
"adelaideadvanced",2016-11-04,"ulmus_parvifolia_todd","UMT_27","UMT_27-ulmus_parvifolia_todd",27,22.915,29.425,2.177,49.885955,1.6979782906219,1.43136376415899,0.337858429041094,1.36011986158081,1.46871647151547
"adelaideadvanced",2016-11-04,"ulmus_parvifolia_todd","UMT_27","UMT_27-ulmus_parvifolia_todd",27,22.275,32.29,2.207,49.160925,1.69162004587057,1.43136376415899,0.343802333161655,1.34781771270891,1.50906804501716
"adelaideadvanced",2016-11-04,"ulmus_parvifolia_todd","UMT_27","UMT_27-ulmus_parvifolia_todd",27,21.71,34.45,2.167,47.04557,1.67251873477424,1.43136376415899,0.335858911319818,1.33665982345442,1.53718922624364
"adelaideadvanced",2016-11-04,"ulmus_parvifolia_todd","UMT_27","UMT_27-ulmus_parvifolia_todd",27,27.04,34.375,2.162,58.46048,1.76686237688689,1.43136376415899,0.334855689617292,1.4320066872696,1.53624270683832
"adelaideadvanced",2016-11-04,"ulmus_parvifolia_todd","UMT_27","UMT_27-ulmus_parvifolia_todd",27,20.615,33.765,2.167,44.672705,1.6500422504572,1.43136376415899,0.335858911319818,1.31418333913738,1.5284667540562
"adelaideadvanced",2016-11-04,"ulmus_parvifolia_todd","UMT_27","UMT_27-ulmus_parvifolia_todd",27,21.97,34.345,2.253,49.49841,1.69459124864434,1.43136376415899,0.352761191723831,1.34183005692051,1.53586352071245
"adelaideadvanced",2016-11-04,"ulmus_parvifolia_todd","UMT_27","UMT_27-ulmus_parvifolia_todd",27,25.5,32.22,2.025,51.6375,1.71296520798464,1.43136376415899,0.306425027550687,1.40654018043396,1.5081255360832
"adelaideadvanced",2016-11-04,"ulmus_parvifolia_todd","UMT_27","UMT_27-ulmus_parvifolia_todd",27,22.555,28.89,2.183,49.237565,1.69229656714287,1.43136376415899,0.339053735709139,1.35324283143373,1.4607475418442
"adelaideadvanced",2016-11-04,"ulmus_parvifolia_todd","UMT_27","UMT_27-ulmus_parvifolia_todd",27,21.435,29.37,2.09,44.79915,1.65126977395771,1.43136376415899,0.320146286111054,1.33112348784665,1.4679039465228
"adelaideadvanced",2016-11-04,"ulmus_parvifolia_todd","UMT_27","UMT_27-ulmus_parvifolia_todd",27,24.13,31.95,2.155,52.00015,1.71600459640554,1.43136376415899,0.33344727449675,1.38255732190879,1.50447086249442
"adelaideadvanced",2016-11-04,"agonis_flexuosa","AF_18","AF_18-agonis_flexuosa",18,16.66,20.585,2.325,38.7345,1.58809795429674,1.25527250510331,0.366422957225973,1.22167499707077,1.3135508713335
"adelaideadvanced",2016-11-04,"agonis_flexuosa","AF_18","AF_18-agonis_flexuosa",18,16.595,21.28,1.983,32.907885,1.51729997094993,1.25527250510331,0.297322714205303,1.21997725674462,1.32797162362301
"adelaideadvanced",2016-11-04,"agonis_flexuosa","AF_18","AF_18-agonis_flexuosa",18,14.965,19.355,1.765,26.413225,1.42182143090005,1.25527250510331,0.246744709723841,1.17507672117621,1.28679317565497
"adelaideadvanced",2016-11-04,"agonis_flexuosa","AF_18","AF_18-agonis_flexuosa",18,17.16,31.095,1.403,24.07548,1.38157495454105,1.25527250510331,0.14705767102836,1.23451728351269,1.49269056114954
"adelaideadvanced",2016-11-04,"agonis_flexuosa","AF_18","AF_18-agonis_flexuosa",18,16.16,20.39,1.67,26.9872,1.43115782758615,1.25527250510331,0.222716471147583,1.20844135643857,1.30941722577814
"adelaideadvanced",2016-11-04,"agonis_flexuosa","AF_18","AF_18-agonis_flexuosa",18,14.535,17.64,2.03,29.50605,1.46991107401966,1.25527250510331,0.307496037913213,1.16241503610645,1.2464985807958
"adelaideadvanced",2016-11-04,"agonis_flexuosa","AF_18","AF_18-agonis_flexuosa",18,14.64,18.93,1.403,20.53992,1.31259874775073,1.25527250510331,0.14705767102836,1.16554107672237,1.2771506139638
"adelaideadvanced",2016-11-04,"ginkgo_biloba","GB_27","GB_27-ginkgo_biloba",27,20.65,28.775,1.872,38.6568,1.58722590039451,1.43136376415899,0.272305844402086,1.31492005599242,1.45901533230183
"adelaideadvanced",2016-11-04,"ginkgo_biloba","GB_27","GB_27-ginkgo_biloba",27,18.51,36.5,1.928,35.68728,1.55251344831972,1.43136376415899,0.285107029566812,1.2674064187529,1.56229286445647
"adelaideadvanced",2016-11-04,"ginkgo_biloba","GB_27","GB_27-ginkgo_biloba",27,23.295,31.195,2.05,47.75475,1.67901657583999,1.43136376415899,0.311753861055754,1.36726271478424,1.49408498996638
"adelaideadvanced",2016-11-04,"ginkgo_biloba","GB_27","GB_27-ginkgo_biloba",27,22.19,34.905,2.13,47.2647,1.67453690567075,1.43136376415899,0.328379603438738,1.34615730223201,1.54288764234241
"adelaideadvanced",2016-11-04,"ginkgo_biloba","GB_27","GB_27-ginkgo_biloba",27,20.7,39.345,2.08,43.056,1.63403368041968,1.43136376415899,0.318063334962762,1.31597034545692,1.59488954964603
"adelaideadvanced",2016-11-04,"ginkgo_biloba","GB_27","GB_27-ginkgo_biloba",27,24.37,37.95,2.135,52.02995,1.71625340854577,1.43136376415899,0.329397879361043,1.38685552918472,1.5792117802315
"adelaideadvanced",2016-11-04,"ginkgo_biloba","GB_27","GB_27-ginkgo_biloba",27,21.15,29.385,2.227,47.10105,1.6730305887451,1.43136376415899,0.347720217034038,1.32531037171106,1.46812569505042
"adelaideadvanced",2016-11-04,"ginkgo_biloba","GB_27","GB_27-ginkgo_biloba",27,22.165,34.785,2.165,47.987225,1.68112563632474,1.43136376415899,0.335457900689384,1.34566773563535,1.54139200769367
"adelaideadvanced",2016-11-04,"ginkgo_biloba","GB_27","GB_27-ginkgo_biloba",27,22.795,29.925,2.178,49.64751,1.69589747195774,1.43136376415899,0.338057875419756,1.35783959653798,1.47603415907845
"adelaideadvanced",2016-11-04,"ginkgo_biloba","GB_27","GB_27-ginkgo_biloba",27,23.4,32.635,1.994,46.6596,1.66894101138578,1.43136376415899,0.299725153975637,1.36921585741014,1.513683617032
"adelaideadvanced",2016-11-04,"ginkgo_biloba","GB_27","GB_27-ginkgo_biloba",27,21.87,32.885,1.93,42.2091,1.62540609204541,1.43136376415899,0.285557309007774,1.33984878303764,1.51699784619528
"adelaideadvanced",2016-11-04,"ginkgo_biloba","GB_27","GB_27-ginkgo_biloba",27,22.71,34.915,2.149,48.80379,1.68845354971118,1.43136376415899,0.332236415491443,1.35621713421974,1.54301204637704
"adelaideadvanced",2016-11-04,"ginkgo_biloba","GB_27","GB_27-ginkgo_biloba",27,23.545,31.655,1.962,46.19529,1.66459769782267,1.43136376415899,0.29269900304393,1.37189869477874,1.50044231785749
"adelaideadvanced",2016-11-04,"ginkgo_biloba","GB_27","GB_27-ginkgo_biloba",27,26.38,34.6,1.972,52.02136,1.71618170181554,1.43136376415899,0.294906910605192,1.42127479121035,1.53907609879278
"adelaideadvanced",2016-11-04,"ginkgo_biloba","GB_27","GB_27-ginkgo_biloba",27,24.28,32.34,2.227,54.07156,1.73296889943726,1.43136376415899,0.347720217034038,1.38524868240322,1.50974001557038
"adelaideadvanced",2016-11-04,"ginkgo_biloba","GB_27","GB_27-ginkgo_biloba",27,23.305,33.205,2.066,48.14813,1.68257942445221,1.43136376415899,0.315130317183602,1.3674491072686,1.52120348457486
"adelaideadvanced",2016-11-04,"ginkgo_biloba","GB_27","GB_27-ginkgo_biloba",27,21.745,31.59,2.081,45.251345,1.65563149221298,1.43136376415899,0.318272080211627,1.33735941200135,1.49954962590515
"adelaideadvanced",2016-11-04,"ginkgo_biloba","GB_27","GB_27-ginkgo_biloba",27,24.09,30.985,1.987,47.86683,1.68003466710816,1.43136376415899,0.298197867109815,1.38183679999834,1.4911515004857
"adelaideadvanced",2016-11-04,"ginkgo_biloba","GB_27","GB_27-ginkgo_biloba",27,22.54,36.46,2.412,54.36648,1.7353312151782,1.43136376415899,0.382377303468114,1.35295391171009,1.56181666431896
"adelaideadvanced",2016-11-04,"ginkgo_biloba","GB_27","GB_27-ginkgo_biloba",27,26.2,40.32,2.231,58.4522,1.76680086160358,1.43136376415899,0.348499570283838,1.41830129131975,1.60552052343747
"adelaideadvanced",2016-11-04,"ginkgo_biloba","GB_27","GB_27-ginkgo_biloba",27,24.095,34.25,2.096,50.50312,1.70331820894892,1.43136376415899,0.321391278311689,1.38192693063723,1.53466057582844
"adelaideadvanced",2016-11-04,"ginkgo_biloba","GB_27","GB_27-ginkgo_biloba",27,26.085,31.13,2.05,53.47425,1.72814470211415,1.43136376415899,0.311753861055754,1.41639084105839,1.49317912068252
"adelaideadvanced",2016-11-04,"ginkgo_biloba","GB_27","GB_27-ginkgo_biloba",27,21.99,37.015,2.4,52.776,1.7224364710724,1.43136376415899,0.380211241711606,1.34222522936079,1.56837775371822
"adelaideadvanced",2016-11-04,"ginkgo_biloba","GB_27","GB_27-ginkgo_biloba",27,22.86,35.87,2.3,52.578,1.72080406207686,1.43136376415899,0.361727836017593,1.35907622605926,1.55473137667597
"adelaideadvanced",2016-11-04,"ginkgo_biloba","GB_27","GB_27-ginkgo_biloba",27,21.345,40.03,2,42.69,1.63032615480395,1.43136376415899,0.301029995663981,1.32929615913997,1.60238559010511
"adelaideadvanced",2016-11-04,"ginkgo_biloba","GB_27","GB_27-ginkgo_biloba",27,26.12,32.415,2.043,53.36316,1.72724153923548,1.43136376415899,0.310268366632448,1.41697317260304,1.51074602593892
"adelaideadvanced",2016-11-04,"ginkgo_biloba","GB_27","GB_27-ginkgo_biloba",27,24.03,29.905,2.059,49.47777,1.69441011742193,1.43136376415899,0.313656346618031,1.3807537708039,1.47574380674813
"adelaideadvanced",2016-11-04,"ginkgo_biloba","GB_27","GB_27-ginkgo_biloba",27,24.845,30.565,1.995,49.565775,1.69518190110432,1.43136376415899,0.299942900022767,1.39523900108155,1.4852244001258
"adelaideadvanced",2016-11-04,"ginkgo_biloba","GB_27","GB_27-ginkgo_biloba",27,21.995,34.24,2.315,50.918425,1.70687496166685,1.43136376415899,0.364550995353972,1.34232396631288,1.53453375600512
"adelaideadvanced",2016-11-04,"ginkgo_biloba","GB_27","GB_27-ginkgo_biloba",27,23.105,36.155,2.277,52.610085,1.72106900346987,1.43136376415899,0.357363030615143,1.36370597285472,1.5581683658699
"adelaideadvanced",2016-11-04,"ginkgo_biloba","GB_27","GB_27-ginkgo_biloba",27,23.1,32.29,2.084,48.1404,1.68250969451963,1.43136376415899,0.318897714627487,1.36361197989214,1.50906804501716
"adelaideadvanced",2016-11-04,"ginkgo_biloba","GB_27","GB_27-ginkgo_biloba",27,22.315,35.39,2.182,48.69133,1.68745163742887,1.43136376415899,0.338854746252323,1.34859689117655,1.54888056263751
"adelaideadvanced",2016-11-04,"ginkgo_biloba","GB_27","GB_27-ginkgo_biloba",27,24.14,34.075,2.108,50.88712,1.70660787230184,1.43136376415899,0.323870606540509,1.38273726576133,1.53243586450671
"adelaideadvanced",2016-11-04,"ginkgo_biloba","GB_27","GB_27-ginkgo_biloba",27,23.845,32.99,2.125,50.670625,1.70475626115622,1.43136376415899,0.32735893438633,1.37739732676989,1.51838231554534
"adelaideadvanced",2016-11-04,"ginkgo_biloba","GB_27","GB_27-ginkgo_biloba",27,18.245,32.235,1.97,35.94265,1.55561009386226,1.43136376415899,0.294466226161593,1.26114386770067,1.50832767454712
"adelaideadvanced",2016-11-04,"ginkgo_biloba","GB_27","GB_27-ginkgo_biloba",27,21.795,29.98,2.159,47.055405,1.67260951568793,1.43136376415899,0.334252642334231,1.3383568733537,1.47683162851226
"adelaideadvanced",2016-11-04,"ginkgo_biloba","GB_27","GB_27-ginkgo_biloba",27,19.91,29.45,2.19,43.6029,1.63951537486753,1.43136376415899,0.340444114840118,1.29907126002741,1.46908529912312
"adelaideadvanced",2016-11-04,"ginkgo_biloba","GB_27","GB_27-ginkgo_biloba",27,21.44,36.57,2.207,47.31808,1.67502711418239,1.43136376415899,0.343802333161655,1.33122478102073,1.56312496033804
"adelaideadvanced",2016-11-04,"ginkgo_biloba","GB_27","GB_27-ginkgo_biloba",27,24.61,33.2,2.196,54.04356,1.73274394948086,1.43136376415899,0.341632335778054,1.3911116137028,1.52113808370404
"adelaideadvanced",2016-11-04,"ginkgo_biloba","GB_27","GB_27-ginkgo_biloba",27,24.855,34.955,2.189,54.407595,1.73565952904295,1.43136376415899,0.340245761567932,1.39541376747502,1.54350930646503
"adelaideadvanced",2016-11-04,"ginkgo_biloba","GB_27","GB_27-ginkgo_biloba",27,20.85,31.22,1.925,40.13625,1.6035367931543,1.43136376415899,0.28443073384452,1.31910605930978,1.4944328987264
"adelaideadvanced",2016-11-04,"ginkgo_biloba","GB_27","GB_27-ginkgo_biloba",27,22.465,32.615,1.949,43.784285,1.64131826204667,1.43136376415899,0.289811839117621,1.35150642292904,1.51341738285851
"adelaideadvanced",2016-11-04,"ginkgo_biloba","GB_27","GB_27-ginkgo_biloba",27,23.695,28.945,2.365,56.038675,1.74848785810925,1.43136376415899,0.37383114507383,1.37465671303542,1.46157355390282
"adelaideadvanced",2016-11-04,"ginkgo_biloba","GB_27","GB_27-ginkgo_biloba",27,24.26,37.74,2.475,60.0435,1.77846599980014,1.43136376415899,0.393575203269588,1.38489079653055,1.57680189582891
"adelaideadvanced",2016-11-04,"ginkgo_biloba","GB_27","GB_27-ginkgo_biloba",27,25.21,33.61,2.38,59.9998,1.77814980273296,1.43136376415899,0.376576957056512,1.40157284567645,1.52646851246948
"adelaideadvanced",2016-11-04,"corymbia_maculata","CM_27","CM_27-corymbia_maculata",27,15.75,22.775,1.703,26.82225,1.42849520608822,1.43136376415899,0.231214647962601,1.19728055812562,1.35745838564504
"adelaideadvanced",2016-11-04,"corymbia_maculata","CM_27","CM_27-corymbia_maculata",27,17.105,23.61,1.87,31.98635,1.50496468505758,1.43136376415899,0.271841606536499,1.23312307852108,1.37309598707873
"adelaideadvanced",2016-11-04,"corymbia_maculata","CM_27","CM_27-corymbia_maculata",27,18.825,23.345,1.806,33.99795,1.53145273085023,1.43136376415899,0.256717745977487,1.27473498487274,1.36819387826682
"adelaideadvanced",2016-11-04,"corymbia_maculata","CM_27","CM_27-corymbia_maculata",27,17.505,23.66,1.67,29.23335,1.46587858624863,1.43136376415899,0.222716471147583,1.24316211510105,1.37401474029191
"adelaideadvanced",2016-11-04,"corymbia_maculata","CM_27","CM_27-corymbia_maculata",27,17.99,22.435,2.03,36.5197,1.56252720125876,1.43136376415899,0.307496037913213,1.25503116334555,1.35092607386909
"adelaideadvanced",2016-11-04,"corymbia_maculata","CM_27","CM_27-corymbia_maculata",27,19.48,25.315,2.053,39.99244,1.60197790191319,1.43136376415899,0.312388949370592,1.2895889525426,1.40337793172286
"adelaideadvanced",2016-11-04,"corymbia_maculata","CM_27","CM_27-corymbia_maculata",27,20.495,23.595,1.967,40.313665,1.60545228257186,1.43136376415899,0.293804359919337,1.31164792265252,1.37281998167897
"adelaideadvanced",2016-11-04,"corymbia_maculata","CM_27","CM_27-corymbia_maculata",27,21.37,28.5,2.242,47.91154,1.68044013042302,1.43136376415899,0.350635608258954,1.32980452216407,1.45484486000851
"adelaideadvanced",2016-11-04,"corymbia_maculata","CM_27","CM_27-corymbia_maculata",27,16.41,20.96,1.762,28.91442,1.46111448512912,1.43136376415899,0.246005904076029,1.21510858105309,1.32139127831169
"adelaideadvanced",2016-11-04,"corymbia_maculata","CM_27","CM_27-corymbia_maculata",27,17.63,22.365,1.647,29.03661,1.46294591146908,1.43136376415899,0.216693599169754,1.24625231229932,1.34956890250868
"adelaideadvanced",2016-11-04,"corymbia_maculata","CM_27","CM_27-corymbia_maculata",27,15.025,20.04,1.763,26.489075,1.4230667929741,1.43136376415899,0.246252312299322,1.17681448067478,1.30189771719521
"adelaideadvanced",2016-11-04,"corymbia_maculata","CM_27","CM_27-corymbia_maculata",27,19.5,29.145,1.955,38.1225,1.5811813730944,1.43136376415899,0.291146761731886,1.29003461136252,1.46456405965546
"adelaideadvanced",2016-11-04,"corymbia_maculata","CM_27","CM_27-corymbia_maculata",27,19.85,24.585,1.975,39.20375,1.59332761106161,1.43136376415899,0.295567099962479,1.29776051109913,1.39067021262618
"adelaideadvanced",2016-11-04,"corymbia_maculata","CM_27","CM_27-corymbia_maculata",27,16.465,20.905,1.634,26.90381,1.42981378724432,1.43136376415899,0.213252052196397,1.21656173504793,1.32025017188643
"adelaideadvanced",2016-11-04,"corymbia_maculata","CM_27","CM_27-corymbia_maculata",27,17.36,22.64,1.927,33.45272,1.52443143549593,1.43136376415899,0.284881714655453,1.23954972084047,1.35487642251623
"adelaideadvanced",2016-11-04,"corymbia_maculata","CM_27","CM_27-corymbia_maculata",27,16.99,21.235,2.034,34.55766,1.53854432745577,1.43136376415899,0.308350948586726,1.23019337886905,1.3270522653267
"adelaideadvanced",2016-11-04,"corymbia_maculata","CM_27","CM_27-corymbia_maculata",27,16.045,21.785,1.86,29.8437,1.47485266564944,1.43136376415899,0.269512944217916,1.20533972143152,1.33815756427177
"adelaideadvanced",2016-11-04,"corymbia_maculata","CM_27","CM_27-corymbia_maculata",27,20.33,26.485,1.975,40.15175,1.60370447860052,1.43136376415899,0.295567099962479,1.30813737863804,1.42299997727162
"adelaideadvanced",2016-11-04,"corymbia_maculata","CM_27","CM_27-corymbia_maculata",27,18.74,23.33,1.928,36.13072,1.55787661611857,1.43136376415899,0.285107029566812,1.27276958655176,1.36791473879375
"adelaideadvanced",2016-11-04,"corymbia_maculata","CM_27","CM_27-corymbia_maculata",27,18.67,25.97,1.902,35.51034,1.55035483055047,1.43136376415899,0.279210512601395,1.27114431794908,1.4144719496293
"adelaideadvanced",2016-11-04,"corymbia_maculata","CM_27","CM_27-corymbia_maculata",27,17.46,23.75,1.667,29.10582,1.46397983919756,1.43136376415899,0.221935599828005,1.24204423936955,1.37566361396089
"adelaideadvanced",2016-11-04,"corymbia_maculata","CM_27","CM_27-corymbia_maculata",27,17.115,23.335,2.02,34.5723,1.53872827292052,1.43136376415899,0.305351369446624,1.2333769034739,1.36800780522117
"adelaideadvanced",2016-11-04,"corymbia_maculata","CM_27","CM_27-corymbia_maculata",27,18.85,23.255,1.89,35.6265,1.55177315871506,1.43136376415899,0.276461804173244,1.27531135454181,1.36651634384754
"adelaideadvanced",2016-11-04,"corymbia_maculata","CM_27","CM_27-corymbia_maculata",27,19.895,23.21,1.896,37.72092,1.57658227648445,1.43136376415899,0.277838333002047,1.29874394348241,1.36567514045592
"adelaideadvanced",2016-11-04,"corymbia_maculata","CM_27","CM_27-corymbia_maculata",27,19.71,25.755,2.032,40.05072,1.60261032789132,1.43136376415899,0.307923703611882,1.29468662427944,1.4108615542166
"adelaideadvanced",2016-11-04,"corymbia_maculata","CM_27","CM_27-corymbia_maculata",27,21.34,26.75,2.045,43.6403,1.63988772743181,1.43136376415899,0.310693312343361,1.32919441508845,1.42732378635725
"adelaideadvanced",2016-11-04,"corymbia_maculata","CM_27","CM_27-corymbia_maculata",27,18.74,26.07,1.718,32.19532,1.50779274604698,1.43136376415899,0.235023159495224,1.27276958655176,1.41614103116833
"adelaideadvanced",2016-11-04,"corymbia_maculata","CM_27","CM_27-corymbia_maculata",27,22.295,25.295,1.758,39.19461,1.59322634742338,1.43136376415899,0.245018870737753,1.34820747668563,1.40303468374459
"adelaideadvanced",2016-11-04,"corymbia_maculata","CM_27","CM_27-corymbia_maculata",27,18.085,24.64,1.798,32.51683,1.51210820049485,1.43136376415899,0.25478968739721,1.25731851309764,1.39164070349239
"adelaideadvanced",2016-11-04,"corymbia_maculata","CM_27","CM_27-corymbia_maculata",27,20.25,22.5,1.97,39.8925,1.60089125371228,1.43136376415899,0.294466226161593,1.30642502755069,1.35218251811136
"adelaideadvanced",2016-11-04,"corymbia_maculata","CM_27","CM_27-corymbia_maculata",27,18.155,26.035,1.84,33.4052,1.52381407625845,1.43136376415899,0.264817823009536,1.25899625324891,1.41555758201171
"adelaideadvanced",2016-11-04,"corymbia_maculata","CM_27","CM_27-corymbia_maculata",27,20.57,24.82,1.742,35.83294,1.55428244236637,1.43136376415899,0.241048150671644,1.31323429169472,1.39480177716271
"adelaideadvanced",2016-11-04,"corymbia_maculata","CM_27","CM_27-corymbia_maculata",27,21.265,24.25,1.945,41.360425,1.61658499271177,1.43136376415899,0.288919605661727,1.32766538705004,1.38471174293828
"adelaideadvanced",2016-11-04,"corymbia_maculata","CM_27","CM_27-corymbia_maculata",27,17.13,26.07,1.643,28.14459,1.44939492640057,1.43136376415899,0.215637563435062,1.23375736296551,1.41614103116833
"adelaideadvanced",2016-11-04,"corymbia_maculata","CM_27","CM_27-corymbia_maculata",27,22.31,25.755,1.857,41.42967,1.61731147402362,1.43136376415899,0.26881190373978,1.34849957028384,1.4108615542166
"adelaideadvanced",2016-11-04,"corymbia_maculata","CM_27","CM_27-corymbia_maculata",27,19.455,30.475,2.151,41.847705,1.62167164552722,1.43136376415899,0.332640410387463,1.28903123513976,1.48394371429042
"adelaideadvanced",2016-11-04,"corymbia_maculata","CM_27","CM_27-corymbia_maculata",27,20.155,21.575,1.953,39.362715,1.59508504577692,1.43136376415899,0.290702243287854,1.30438280248907,1.33395080438725
"adelaideadvanced",2016-11-04,"corymbia_maculata","CM_27","CM_27-corymbia_maculata",27,16.5,22.205,1.778,29.337,1.4674157008481,1.43136376415899,0.249931756634195,1.21748394421391,1.34645077750969
"adelaideadvanced",2016-11-04,"corymbia_maculata","CM_27","CM_27-corymbia_maculata",27,19.645,22.76,2.088,41.01876,1.61298252747805,1.43136376415899,0.319730494330225,1.29325203314782,1.35717225772303
"adelaideadvanced",2016-11-04,"corymbia_maculata","CM_27","CM_27-corymbia_maculata",27,20.285,28.095,1.921,38.967485,1.59070237690204,1.43136376415899,0.283527364861694,1.30717501204034,1.44862903643092
"adelaideadvanced",2016-11-04,"corymbia_maculata","CM_27","CM_27-corymbia_maculata",27,20.21,25.47,1.863,37.65123,1.57577916841155,1.43136376415899,0.270212854896243,1.3055663135153,1.40602894496362
"adelaideadvanced",2016-11-04,"corymbia_maculata","CM_27","CM_27-corymbia_maculata",27,18.49,22.555,1.714,31.69186,1.50094772874635,1.43136376415899,0.234010817587179,1.26693691115917,1.35324283143373
"adelaideadvanced",2016-11-04,"corymbia_maculata","CM_27","CM_27-corymbia_maculata",27,16.025,21.885,1.94,31.0885,1.49259976812108,1.43136376415899,0.287801729930226,1.20479803819085,1.34014655094913
"adelaideadvanced",2016-11-04,"corymbia_maculata","CM_27","CM_27-corymbia_maculata",27,21.99,26.58,2.095,46.06905,1.6634092566631,1.43136376415899,0.321184027302314,1.34222522936079,1.42455497660671
"adelaideadvanced",2016-11-04,"corymbia_maculata","CM_27","CM_27-corymbia_maculata",27,19.715,26.435,2.159,42.564685,1.62904942374347,1.43136376415899,0.334252642334231,1.29479678140924,1.42217931474113
"adelaideadvanced",2016-11-04,"angophora_costata","AC_27","AC_27-angophora_costata",27,17.525,24.275,1.534,26.88335,1.42948338625166,1.43136376415899,0.185825359612962,1.2436580266387,1.38515923858004
"adelaideadvanced",2016-11-04,"angophora_costata","AC_27","AC_27-angophora_costata",27,18.93,24.76,1.031,19.51683,1.29040927924731,1.43136376415899,0.0132586652835165,1.2771506139638,1.39375064034808
"adelaideadvanced",2016-11-04,"angophora_costata","AC_27","AC_27-angophora_costata",27,17.085,20.225,1.492,25.49082,1.40638380627143,1.43136376415899,0.17376882313665,1.23261498313478,1.30588853028431
"adelaideadvanced",2016-11-04,"angophora_costata","AC_27","AC_27-angophora_costata",27,23.53,34.155,1.374,32.33022,1.50960865989955,1.43136376415899,0.137986732723532,1.37162192717602,1.53345428967082
"adelaideadvanced",2016-11-04,"angophora_costata","AC_27","AC_27-angophora_costata",27,16.53,22.815,1.69,27.9357,1.44615955818512,1.43136376415899,0.227886704613674,1.21827285357145,1.35822047310868
"adelaideadvanced",2016-11-04,"angophora_costata","AC_27","AC_27-angophora_costata",27,20.025,23.22,1.532,30.6783,1.48683129005286,1.43136376415899,0.185258765296585,1.30157252475628,1.36586221540256
"adelaideadvanced",2016-11-04,"angophora_costata","AC_27","AC_27-angophora_costata",27,20.265,24.12,1.584,32.09976,1.50650178533119,1.43136376415899,0.199755177253475,1.30674660807771,1.38237730346811
"adelaideadvanced",2016-11-04,"angophora_costata","AC_27","AC_27-angophora_costata",27,18.2,25.595,1.332,24.2424,1.38457561281936,1.43136376415899,0.124504224834282,1.26007138798507,1.40815513388626
"adelaideadvanced",2016-11-04,"angophora_costata","AC_27","AC_27-angophora_costata",27,17.665,24.2,1.41,24.90765,1.39633275442624,1.43136376415899,0.14921911265538,1.24711364177086,1.38381536598043
"adelaideadvanced",2016-11-04,"angophora_costata","AC_27","AC_27-angophora_costata",27,21.5,26.85,1.756,37.754,1.57696297148569,1.43136376415899,0.244524511570084,1.33243845991561,1.42894429003557
"adelaideadvanced",2016-11-04,"angophora_costata","AC_27","AC_27-angophora_costata",27,16.655,26.15,1.302,21.68481,1.33615562125937,1.43136376415899,0.114610984232173,1.2215446370272,1.41747169320329
"adelaideadvanced",2016-11-04,"angophora_costata","AC_27","AC_27-angophora_costata",27,15.925,24.35,1.443,22.979775,1.36134577210088,1.43136376415899,0.159266331093494,1.20207944100739,1.38649896555065
"adelaideadvanced",2016-11-04,"angophora_costata","AC_27","AC_27-angophora_costata",27,16.49,24.81,1.257,20.72793,1.31655593333048,1.43136376415899,0.0993352776859578,1.21722065564452,1.39462676427221
"adelaideadvanced",2016-11-04,"angophora_costata","AC_27","AC_27-angophora_costata",27,19.11,28.54,1.864,35.62104,1.55170659507298,1.43136376415899,0.270445908017963,1.28126068705501,1.45545396877863
"adelaideadvanced",2016-11-04,"angophora_costata","AC_27","AC_27-angophora_costata",27,15.395,27.6,1.23,18.93585,1.27728480467861,1.43136376415899,0.0899051114393979,1.18737969323922,1.44090908206522
"adelaideadvanced",2016-11-04,"angophora_costata","AC_27","AC_27-angophora_costata",27,20.97,24.915,1.234,25.87698,1.41291359016257,1.43136376415899,0.0913151596972229,1.32159843046534,1.39646089150708
"adelaideadvanced",2016-11-04,"angophora_costata","AC_27","AC_27-angophora_costata",27,17.02,24.61,1.499,25.51298,1.40676118859685,1.43136376415899,0.175801632848279,1.23095955574857,1.3911116137028
"adelaideadvanced",2016-11-04,"angophora_costata","AC_27","AC_27-angophora_costata",27,14.28,21.81,1.229,17.55012,1.24428009032661,1.43136376415899,0.0895518828864541,1.15472820744016,1.3386556655787
"adelaideadvanced",2016-11-04,"angophora_costata","AC_27","AC_27-angophora_costata",27,18.97,26.52,1.29,24.4713,1.38865704118791,1.43136376415899,0.110589710299249,1.27806733088866,1.42357351973274
"adelaideadvanced",2016-11-04,"angophora_costata","AC_27","AC_27-angophora_costata",27,20.925,25.34,1.399,29.274075,1.46648318115713,1.43136376415899,0.145817714491828,1.3206654666653,1.40380661054742
"adelaideadvanced",2016-11-04,"angophora_costata","AC_27","AC_27-angophora_costata",27,23.435,25.225,1.295,30.348325,1.4821347262735,1.43136376415899,0.112269768417271,1.36986495785623,1.40183117490895
"adelaideadvanced",2016-11-04,"angophora_costata","AC_27","AC_27-angophora_costata",27,20.045,27.375,1.473,29.526285,1.47020880742917,1.43136376415899,0.168202746842631,1.30200606058654,1.43735412784817
"adelaideadvanced",2016-11-04,"angophora_costata","AC_27","AC_27-angophora_costata",27,17.545,22.565,1.492,26.17714,1.41792219568807,1.43136376415899,0.17376882313665,1.24415337255143,1.35343533785616
"adelaideadvanced",2016-11-04,"angophora_costata","AC_27","AC_27-angophora_costata",27,16.67,25.29,1.409,23.48803,1.37084659293736,1.43136376415899,0.148910993109356,1.22193559982801,1.4029488293444
"adelaideadvanced",2016-11-04,"angophora_costata","AC_27","AC_27-angophora_costata",27,17.59,23.72,1.1,19.349,1.28665852461569,1.43136376415899,0.0413926851582251,1.24526583945746,1.37511468469223
"adelaideadvanced",2016-11-04,"angophora_costata","AC_27","AC_27-angophora_costata",27,15.135,20.465,1.175,17.783625,1.25002029190035,1.43136376415899,0.0700378666077551,1.17998242529259,1.31101174898129
"adelaideadvanced",2016-11-04,"angophora_costata","AC_27","AC_27-angophora_costata",27,13.69,19.095,1.315,18.00235,1.25532920095977,1.43136376415899,0.118925752825777,1.13640344813399,1.28091966270934
"adelaideadvanced",2016-11-04,"angophora_costata","AC_27","AC_27-angophora_costata",27,15.195,19.82,1.282,19.47999,1.28958872959876,1.43136376415899,0.107888025182799,1.18170070441596,1.29710365014926
"adelaideadvanced",2016-11-04,"angophora_costata","AC_27","AC_27-angophora_costata",27,19.24,25.48,1.313,25.26212,1.40246979379127,1.43136376415899,0.118264726089479,1.28420506770179,1.40619942366331
"adelaideadvanced",2016-11-04,"angophora_costata","AC_27","AC_27-angophora_costata",27,16.69,24.835,1.493,24.91817,1.39651614440427,1.43136376415899,0.174059807725025,1.22245633667925,1.39506416433124
"adelaideadvanced",2016-11-04,"angophora_costata","AC_27","AC_27-angophora_costata",27,17.815,25.285,1.509,26.882835,1.42947506646262,1.43136376415899,0.17868923977559,1.25078582668703,1.40286295796856
"adelaideadvanced",2016-11-04,"angophora_costata","AC_27","AC_27-angophora_costata",27,18.585,25.225,1.474,27.39429,1.43766004895478,1.43136376415899,0.168497483523033,1.26916256543174,1.40183117490895
"adelaideadvanced",2016-11-04,"angophora_costata","AC_27","AC_27-angophora_costata",27,18.255,21.005,1.313,23.968815,1.37964656337523,1.43136376415899,0.118264726089479,1.26138183728575,1.32232268587401
"adelaideadvanced",2016-11-04,"angophora_costata","AC_27","AC_27-angophora_costata",27,14.985,18.835,1.152,17.26272,1.23710922636886,1.43136376415899,0.0614524790871933,1.17565674728166,1.27496562453929
"adelaideadvanced",2016-11-04,"angophora_costata","AC_27","AC_27-angophora_costata",27,17.575,24.682,1.403,24.657725,1.39195300472022,1.43136376415899,0.14705767102836,1.24489533369186,1.39238034797756
"adelaideadvanced",2016-11-04,"angophora_costata","AC_27","AC_27-angophora_costata",27,14.755,23.18,1.358,20.03729,1.30183898378046,1.43136376415899,0.132899769944483,1.16893921383598,1.36511343162758
"adelaideadvanced",2016-11-04,"angophora_costata","AC_27","AC_27-angophora_costata",27,22.245,31.235,1.195,26.582775,1.42460031536822,1.43136376415899,0.0773679052841565,1.34723241008406,1.49464151028204
"adelaideadvanced",2016-11-04,"angophora_costata","AC_27","AC_27-angophora_costata",27,21.675,27.6,1.381,29.933175,1.47615278472688,1.43136376415899,0.140193678578631,1.33595910614825,1.44090908206522
"adelaideadvanced",2016-11-04,"angophora_costata","AC_27","AC_27-angophora_costata",27,14.97,18.06,1.081,16.18257,1.20904749429636,1.43136376415899,0.0338256939533103,1.17522180034305,1.25671774597749
"adelaideadvanced",2016-11-04,"angophora_costata","AC_27","AC_27-angophora_costata",27,16.26,22.67,1.236,20.09736,1.30313901201085,1.43136376415899,0.092018470752797,1.21112054125805,1.35545152012652
"adelaideadvanced",2016-11-04,"angophora_costata","AC_27","AC_27-angophora_costata",27,14.305,19.33,1.162,16.62241,1.22069399019559,1.43136376415899,0.0652061280543119,1.15548786214128,1.28623185402855
"adelaideadvanced",2016-11-04,"angophora_costata","AC_27","AC_27-angophora_costata",27,14.985,18.595,1.253,18.776205,1.27360781827581,1.43136376415899,0.09795107099415,1.17565674728166,1.26939618269499
"adelaideadvanced",2016-11-04,"angophora_costata","AC_27","AC_27-angophora_costata",27,19.865,27.07,1.395,27.711675,1.442662777001,1.43136376415899,0.144574207609616,1.29808856939138,1.43248825577051
"adelaideadvanced",2016-11-04,"angophora_costata","AC_27","AC_27-angophora_costata",27,19.105,27.21,1.246,23.80483,1.37666508434758,1.43136376415899,0.0955180423231508,1.28114704202443,1.43472854177976
"adelaideadvanced",2016-11-04,"angophora_costata","AC_27","AC_27-angophora_costata",27,18.46,24.915,1.537,28.37302,1.45290556418964,1.43136376415899,0.186673867499745,1.26623169668989,1.39646089150708
"adelaideadvanced",2016-11-04,"eucalyptus_leucoxylon_eukydwarf","ELE_18","ELE_18-eucalyptus_leucoxylon_eukydwarf",18,24.295,30.625,1.721,41.811695,1.62129777372659,1.25527250510331,0.23578087032756,1.38551690339903,1.48607609737259
"adelaideadvanced",2016-11-04,"eucalyptus_leucoxylon_eukydwarf","ELE_18","ELE_18-eucalyptus_leucoxylon_eukydwarf",18,23.355,30.66,1.573,36.737415,1.56510859424709,1.25527250510331,0.196728722623287,1.3683798716238,1.48657215051836
"adelaideadvanced",2016-11-04,"eucalyptus_leucoxylon_eukydwarf","ELE_18","ELE_18-eucalyptus_leucoxylon_eukydwarf",18,21.095,29.875,1.775,37.443625,1.57337788710901,1.25527250510331,0.249198357391113,1.3241795297179,1.47530791395619
"adelaideadvanced",2016-11-04,"eucalyptus_leucoxylon_eukydwarf","ELE_18","ELE_18-eucalyptus_leucoxylon_eukydwarf",18,23.68,30.355,1.653,39.14304,1.59265455162233,1.25527250510331,0.218272853571447,1.37438169805088,1.48223023720897
"adelaideadvanced",2016-11-04,"eucalyptus_leucoxylon_eukydwarf","ELE_18","ELE_18-eucalyptus_leucoxylon_eukydwarf",18,25.69,33.55,1.834,47.11546,1.67316343560035,1.25527250510331,0.263399331334002,1.40976410426635,1.52569252450501
"adelaideadvanced",2016-11-04,"eucalyptus_leucoxylon_eukydwarf","ELE_18","ELE_18-eucalyptus_leucoxylon_eukydwarf",18,23.555,29.3,1.96,46.1678,1.66433917993073,1.25527250510331,0.292256071356476,1.37208310857425,1.46686762035411
"adelaideadvanced",2016-11-04,"eucalyptus_leucoxylon_eukydwarf","ELE_18","ELE_18-eucalyptus_leucoxylon_eukydwarf",18,21.82,27.83,2.028,44.25096,1.64592269691362,1.25527250510331,0.307067950661298,1.33885474625232,1.44451320633404
"adelaideadvanced",2016-11-04,"eucalyptus_leucoxylon_eukydwarf","ELE_18","ELE_18-eucalyptus_leucoxylon_eukydwarf",18,25.965,32.235,1.631,42.348915,1.62684228797135,1.25527250510331,0.212453961040276,1.41438832693108,1.50832767454712
"adelaideadvanced",2016-11-04,"eucalyptus_leucoxylon_eukydwarf","ELE_18","ELE_18-eucalyptus_leucoxylon_eukydwarf",18,24.53,31.25,1.898,46.55794,1.66799375629766,1.25527250510331,0.278296208091274,1.38969754820639,1.49485002168009
"adelaideadvanced",2016-11-04,"eucalyptus_leucoxylon_eukydwarf","ELE_18","ELE_18-eucalyptus_leucoxylon_eukydwarf",18,20.325,27.045,1.73,35.16225,1.5460766573949,1.25527250510331,0.238046103128795,1.30803055426611,1.43208698577808
"adelaideadvanced",2016-11-04,"eucalyptus_leucoxylon_eukydwarf","ELE_18","ELE_18-eucalyptus_leucoxylon_eukydwarf",18,24.585,28.295,1.763,43.343355,1.6369225249255,1.25527250510331,0.246252312299322,1.39067021262618,1.45170969827135
"adelaideadvanced",2016-11-04,"eucalyptus_leucoxylon_eukydwarf","ELE_18","ELE_18-eucalyptus_leucoxylon_eukydwarf",18,24.545,29.225,1.82,44.6719,1.65003442442096,1.25527250510331,0.260071387985075,1.38996303643589,1.46575451983388
"adelaideadvanced",2016-11-04,"eucalyptus_leucoxylon_eukydwarf","ELE_18","ELE_18-eucalyptus_leucoxylon_eukydwarf",18,21.145,24.165,1.887,39.900615,1.60097958964785,1.25527250510331,0.275771900164931,1.32520768948292,1.3831867994749
"adelaideadvanced",2016-11-04,"eucalyptus_leucoxylon_eukydwarf","ELE_18","ELE_18-eucalyptus_leucoxylon_eukydwarf",18,23.265,25.645,1.825,42.458625,1.62796592566178,1.25527250510331,0.261262868792493,1.36670305686929,1.40900270340177
"adelaideadvanced",2016-11-04,"eucalyptus_leucoxylon_eukydwarf","ELE_18","ELE_18-eucalyptus_leucoxylon_eukydwarf",18,22.81,26.72,1.709,38.98229,1.59086734799739,1.25527250510331,0.232742062720737,1.35812528527665,1.42683645380351
"adelaideadvanced",2016-11-04,"eucalyptus_leucoxylon_eukydwarf","ELE_18","ELE_18-eucalyptus_leucoxylon_eukydwarf",18,21.575,29.4,1.822,39.30965,1.59449917702423,1.25527250510331,0.260548372636979,1.33395080438725,1.46834733041216
"adelaideadvanced",2016-11-04,"eucalyptus_leucoxylon_eukydwarf","ELE_18","ELE_18-eucalyptus_leucoxylon_eukydwarf",18,26.61,35.37,1.519,40.42059,1.60660264841418,1.25527250510331,0.181557773862786,1.42504487455139,1.54863505981475
"adelaideadvanced",2016-11-04,"eucalyptus_leucoxylon_eukydwarf","ELE_18","ELE_18-eucalyptus_leucoxylon_eukydwarf",18,21.89,29.64,1.558,34.10462,1.53281321490448,1.25527250510331,0.192567453336546,1.34024576156793,1.47187819930729
"adelaideadvanced",2016-11-04,"eucalyptus_leucoxylon_eukydwarf","ELE_18","ELE_18-eucalyptus_leucoxylon_eukydwarf",18,21.855,27.85,1.979,43.251045,1.63599660503207,1.25527250510331,0.296445794206396,1.33955081082567,1.44482519950975
"adelaideadvanced",2016-11-04,"eucalyptus_leucoxylon_eukydwarf","ELE_18","ELE_18-eucalyptus_leucoxylon_eukydwarf",18,19.79,25.715,1.916,37.91764,1.57884129894892,1.25527250510331,0.282395504742526,1.2964457942064,1.41018652865711
"adelaideadvanced",2016-11-04,"eucalyptus_leucoxylon_rosea","ELR_18","ELR_18-eucalyptus_leucoxylon_rosea",18,15.755,17.945,1.351,21.285005,1.32807375653205,1.25527250510331,0.130655349022031,1.19741840751002,1.25394346266926
"adelaideadvanced",2016-11-04,"eucalyptus_leucoxylon_rosea","ELR_18","ELR_18-eucalyptus_leucoxylon_rosea",18,13.69,19.235,1.08,14.7852,1.16982720362094,1.25527250510331,0.0334237554869497,1.13640344813399,1.28409219064283
"adelaideadvanced",2016-11-04,"eucalyptus_leucoxylon_rosea","ELR_18","ELR_18-eucalyptus_leucoxylon_rosea",18,16.78,18.345,1.072,17.98816,1.25498674184943,1.25527250510331,0.0301947853567512,1.22479195649268,1.26351771609197
"adelaideadvanced",2016-11-04,"eucalyptus_leucoxylon_rosea","ELR_18","ELR_18-eucalyptus_leucoxylon_rosea",18,10.485,15.965,1.18,12.3723,1.09245044210749,1.25527250510331,0.0718820073061254,1.02056843480136,1.20316892287546
"adelaideadvanced",2016-11-04,"eucalyptus_leucoxylon_rosea","ELR_18","ELR_18-eucalyptus_leucoxylon_rosea",18,13.855,18.85,1.448,20.06204,1.30237509197938,1.25527250510331,0.160768561861128,1.14160653011825,1.27531135454181
"adelaideadvanced",2016-11-04,"eucalyptus_leucoxylon_rosea","ELR_18","ELR_18-eucalyptus_leucoxylon_rosea",18,16.91,17.77,1.161,19.63251,1.29297582733632,1.25527250510331,0.0648322197385739,1.22814360759774,1.2496874278053
"adelaideadvanced",2016-11-04,"eucalyptus_leucoxylon_rosea","ELR_18","ELR_18-eucalyptus_leucoxylon_rosea",18,14.375,18.205,1.203,17.293125,1.23787348070151,1.25527250510331,0.0802656273398448,1.15760785336167,1.26019068326996
"adelaideadvanced",2016-11-04,"eucalyptus_leucoxylon_rosea","ELR_18","ELR_18-eucalyptus_leucoxylon_rosea",18,10.965,13.09,1.39,15.24135,1.18302343626764,1.25527250510331,0.143014800254095,1.04000863601354,1.11693964655076
"adelaideadvanced",2016-11-04,"eucalyptus_leucoxylon_rosea","ELR_18","ELR_18-eucalyptus_leucoxylon_rosea",18,12.025,14.715,1.164,13.9971,1.14603806535974,1.25527250510331,0.0659529803138697,1.08008508504587,1.16776026643563
"adelaideadvanced",2016-11-04,"eucalyptus_leucoxylon_rosea","ELR_18","ELR_18-eucalyptus_leucoxylon_rosea",18,9.965,14.99,1.057,10.533005,1.02255229034393,1.25527250510331,0.0240749873074262,0.998477303036506,1.17580163284828
"adelaideadvanced",2016-11-04,"eucalyptus_leucoxylon_rosea","ELR_18","ELR_18-eucalyptus_leucoxylon_rosea",18,14.185,19.865,1.19,16.88015,1.2273763015244,1.25527250510331,0.0755469613925307,1.15182934013187,1.29808856939138
"adelaideadvanced",2016-11-04,"eucalyptus_leucoxylon_rosea","ELR_18","ELR_18-eucalyptus_leucoxylon_rosea",18,13.67,19.47,1.597,21.83099,1.33907343070631,1.25527250510331,0.203304916138483,1.13576851456782,1.28936595152003
"adelaideadvanced",2016-11-04,"eucalyptus_leucoxylon_rosea","ELR_18","ELR_18-eucalyptus_leucoxylon_rosea",18,9.605,12.995,1.17,11.23785,1.05068323094387,1.25527250510331,0.0681858617461616,0.982497369197712,1.11377628383703
"adelaideadvanced",2016-11-04,"eucalyptus_leucoxylon_rosea","ELR_18","ELR_18-eucalyptus_leucoxylon_rosea",18,12.665,19.81,0.95,12.03175,1.08032879941541,1.25527250510331,-0.0222763947111523,1.10260519412657,1.29688447553855
"adelaideadvanced",2016-11-04,"eucalyptus_leucoxylon_rosea","ELR_18","ELR_18-eucalyptus_leucoxylon_rosea",18,13.16,16.495,1.282,16.87112,1.22714391446074,1.25527250510331,0.107888025182799,1.11925588927794,1.21735231988136
"adelaideadvanced",2016-11-04,"eucalyptus_leucoxylon_rosea","ELR_18","ELR_18-eucalyptus_leucoxylon_rosea",18,13.25,16.42,1.617,21.42525,1.33092589817923,1.25527250510331,0.208710019906401,1.12221587827283,1.21537315278342
"adelaideadvanced",2016-11-04,"eucalyptus_leucoxylon_rosea","ELR_18","ELR_18-eucalyptus_leucoxylon_rosea",18,14.32,18.715,1.34,19.1888,1.28304781633664,1.25527250510331,0.127104798364808,1.15594301797184,1.27218983145044
"adelaideadvanced",2016-11-04,"eucalyptus_leucoxylon_rosea","ELR_18","ELR_18-eucalyptus_leucoxylon_rosea",18,16.14,25.06,1.267,20.44938,1.31068014526949,1.25527250510331,0.102776614883441,1.20790353038605,1.39898106665813
"adelaideadvanced",2016-11-04,"eucalyptus_leucoxylon_rosea","ELR_18","ELR_18-eucalyptus_leucoxylon_rosea",18,12.13,17.1,1.402,17.00626,1.23060881449721,1.25527250510331,0.14674801363064,1.08386080086657,1.23299611039215
"adelaideadvanced",2016-11-04,"eucalyptus_leucoxylon_rosea","ELR_18","ELR_18-eucalyptus_leucoxylon_rosea",18,12.41,18.165,1.433,17.78353,1.25001797189607,1.25527250510331,0.156246190397344,1.09377178149873,1.25923540219873
"adelaideadvanced",2016-11-04,"eucalyptus_leucoxylon_rosea","ELR_18","ELR_18-eucalyptus_leucoxylon_rosea",18,16.205,18.73,1.109,17.971345,1.25458058151739,1.25527250510331,0.0449315461491601,1.20964903536823,1.27253777737524
"adelaideadvanced",2016-11-04,"eucalyptus_leucoxylon_rosea","ELR_18","ELR_18-eucalyptus_leucoxylon_rosea",18,14.895,18.02,1.2,17.874,1.25222175359869,1.25527250510331,0.0791812460476248,1.17304050755106,1.25575478664304
"adelaideadvanced",2016-11-04,"eucalyptus_leucoxylon_rosea","ELR_18","ELR_18-eucalyptus_leucoxylon_rosea",18,12.53,16.89,1.346,16.86538,1.22699613088211,1.25527250510331,0.129045059887958,1.09795107099415,1.22762964957101
"adelaideadvanced",2016-11-04,"eucalyptus_leucoxylon_rosea","ELR_18","ELR_18-eucalyptus_leucoxylon_rosea",18,13.18,15.85,1.17,15.4206,1.18810127200415,1.25527250510331,0.0681858617461616,1.11991541025799,1.20002926655377
"adelaideadvanced",2016-11-04,"eucalyptus_leucoxylon_rosea","ELR_18","ELR_18-eucalyptus_leucoxylon_rosea",18,14.27,21.19,1.459,20.81993,1.3184792650081,1.25527250510331,0.164055291893452,1.15442397311465,1.32613095671079
"adelaideadvanced",2016-11-04,"eucalyptus_leucoxylon_rosea","ELR_18","ELR_18-eucalyptus_leucoxylon_rosea",18,16.365,21.47,1.403,22.960095,1.36097368067238,1.25527250510331,0.14705767102836,1.21391600964402,1.33183204443625
"adelaideadvanced",2016-11-04,"eucalyptus_leucoxylon_rosea","ELR_18","ELR_18-eucalyptus_leucoxylon_rosea",18,13.8,18.455,1.224,16.8912,1.22766050421078,1.25527250510331,0.0877814178095424,1.13987908640124,1.26611404953168
"adelaideadvanced",2016-11-04,"eucalyptus_leucoxylon_rosea","ELR_18","ELR_18-eucalyptus_leucoxylon_rosea",18,18.09,20.87,1.189,21.50901,1.33262042147851,1.25527250510331,0.0751818546186916,1.25743856685981,1.31952244906545
"adelaideadvanced",2016-11-04,"eucalyptus_leucoxylon_rosea","ELR_18","ELR_18-eucalyptus_leucoxylon_rosea",18,12.83,17.665,1.254,16.08882,1.20652419286963,1.25527250510331,0.0982975364946976,1.10822665637493,1.24711364177086
"adelaideadvanced",2016-11-04,"eucalyptus_leucoxylon_rosea","ELR_18","ELR_18-eucalyptus_leucoxylon_rosea",18,9.345,14.09,0.934,8.72823,0.940926181944944,1.25527250510331,-0.0296531237699066,0.970579305714851,1.14891099310936
"adelaideadvanced",2016-11-04,"eucalyptus_leucoxylon_rosea","ELR_18","ELR_18-eucalyptus_leucoxylon_rosea",18,13.485,16.67,1.12,15.1032,1.17906897345909,1.25527250510331,0.0492180226701817,1.12985095078891,1.22193559982801
"adelaideadvanced",2016-11-04,"eucalyptus_leucoxylon_rosea","ELR_18","ELR_18-eucalyptus_leucoxylon_rosea",18,12.5,21.365,0.869,10.8625,1.03592978945672,1.25527250510331,-0.0609802235513335,1.09691001300806,1.32970289715322
"adelaideadvanced",2016-11-04,"eucalyptus_leucoxylon_rosea","ELR_18","ELR_18-eucalyptus_leucoxylon_rosea",18,8.925,13.02,0.992,8.8536,0.947119896938409,1.25527250510331,-0.00348832784582135,0.950608224784231,1.11461098423217
"adelaideadvanced",2016-11-04,"eucalyptus_leucoxylon_rosea","ELR_18","ELR_18-eucalyptus_leucoxylon_rosea",18,9.69,13.815,0.96,9.3024,0.968595010090334,1.25527250510331,-0.0177287669604316,0.986323777050765,1.14035088925253
"adelaideadvanced",2016-11-04,"eucalyptus_leucoxylon_rosea","ELR_18","ELR_18-eucalyptus_leucoxylon_rosea",18,13.865,17.37,1.325,18.371125,1.26413575218671,1.25527250510331,0.122215878272827,1.14191987391388,1.2397998184471
"adelaideadvanced",2016-11-04,"eucalyptus_leucoxylon_rosea","ELR_18","ELR_18-eucalyptus_leucoxylon_rosea",18,11.655,15.485,1.05,12.23775,1.08770157692653,1.25527250510331,0.0211892990699381,1.0665122778566,1.18991120969281
"adelaideadvanced",2016-11-04,"eucalyptus_leucoxylon_rosea","ELR_18","ELR_18-eucalyptus_leucoxylon_rosea",18,10.98,17.645,0.994,10.91412,1.03798872451139,1.25527250510331,-0.00261361560268664,1.04060234011407,1.24662166269599
"adelaideadvanced",2016-11-04,"eucalyptus_leucoxylon_rosea","ELR_18","ELR_18-eucalyptus_leucoxylon_rosea",18,8.86,15.875,1.922,17.02892,1.23118710521958,1.25527250510331,0.283753383332527,0.947433721887051,1.20071373396401
"adelaideadvanced",2016-11-04,"eucalyptus_leucoxylon_megalocarpa","ELM_18","ELM_18-eucalyptus_leucoxylon_megalocarpa",18,15.475,18.655,1.757,27.189575,1.43440241918745,1.25527250510331,0.244771761495295,1.18963065769216,1.27079525337685
"adelaideadvanced",2016-11-04,"eucalyptus_leucoxylon_megalocarpa","ELM_18","ELM_18-eucalyptus_leucoxylon_megalocarpa",18,13.755,17.115,1.537,21.141435,1.32513446222545,1.25527250510331,0.186673867499745,1.1384605947257,1.2333769034739
"adelaideadvanced",2016-11-04,"eucalyptus_leucoxylon_megalocarpa","ELM_18","ELM_18-eucalyptus_leucoxylon_megalocarpa",18,18.56,21.935,1.691,31.38496,1.49672157948059,1.25527250510331,0.228143607597742,1.26857797188284,1.34113763874096
"adelaideadvanced",2016-11-04,"eucalyptus_leucoxylon_megalocarpa","ELM_18","ELM_18-eucalyptus_leucoxylon_megalocarpa",18,16.5,19.85,1.545,25.4925,1.40641242797476,1.25527250510331,0.188928483760853,1.21748394421391,1.29776051109913
"adelaideadvanced",2016-11-04,"eucalyptus_leucoxylon_megalocarpa","ELM_18","ELM_18-eucalyptus_leucoxylon_megalocarpa",18,9.95,16.26,0.916,9.1142,0.959718554413576,1.25527250510331,-0.0381045263321496,0.997823080745725,1.21112054125805
"adelaideadvanced",2016-11-04,"eucalyptus_leucoxylon_megalocarpa","ELM_18","ELM_18-eucalyptus_leucoxylon_megalocarpa",18,12.33,15.615,1.004,12.37932,1.09269678940473,1.25527250510331,0.00173371280900053,1.09096307659573,1.19354198856622
"adelaideadvanced",2016-11-04,"eucalyptus_leucoxylon_megalocarpa","ELM_18","ELM_18-eucalyptus_leucoxylon_megalocarpa",18,11.895,15.885,1.081,12.858495,1.1091901403266,1.25527250510331,0.0338256939533103,1.07536444637328,1.20098721916317
"adelaideadvanced",2016-11-04,"eucalyptus_leucoxylon_megalocarpa","ELM_18","ELM_18-eucalyptus_leucoxylon_megalocarpa",18,15.34,20.585,1.82,27.9188,1.44589674759804,1.25527250510331,0.260071387985075,1.18582535961296,1.3135508713335
"adelaideadvanced",2016-11-04,"eucalyptus_leucoxylon_megalocarpa","ELM_18","ELM_18-eucalyptus_leucoxylon_megalocarpa",18,17.805,25.79,1.775,31.603875,1.49974033540139,1.25527250510331,0.249198357391113,1.25054197801027,1.41145134213794
"adelaideadvanced",2016-11-04,"eucalyptus_leucoxylon_megalocarpa","ELM_18","ELM_18-eucalyptus_leucoxylon_megalocarpa",18,21.575,25.77,1.664,35.9008,1.55510412634195,1.25527250510331,0.221153321954705,1.33395080438725,1.4111144185509
"adelaideadvanced",2016-11-04,"eucalyptus_leucoxylon_megalocarpa","ELM_18","ELM_18-eucalyptus_leucoxylon_megalocarpa",18,17.29,18.705,1.902,32.88558,1.51700550587532,1.25527250510331,0.279210512601395,1.23779499327392,1.27195771253422
"adelaideadvanced",2016-11-04,"eucalyptus_leucoxylon_megalocarpa","ELM_18","ELM_18-eucalyptus_leucoxylon_megalocarpa",18,11.655,15.895,1.921,22.389255,1.35003964271829,1.25527250510331,0.283527364861694,1.0665122778566,1.20126053225079
"adelaideadvanced",2016-11-04,"eucalyptus_leucoxylon_megalocarpa","ELM_18","ELM_18-eucalyptus_leucoxylon_megalocarpa",18,17.555,21.455,1.099,19.292945,1.28539852622486,1.25527250510331,0.0409976924234906,1.24440083380137,1.33152851886869
"adelaideadvanced",2016-11-04,"eucalyptus_leucoxylon_megalocarpa","ELM_18","ELM_18-eucalyptus_leucoxylon_megalocarpa",18,17.485,18.795,1.913,33.448805,1.52438060667256,1.25527250510331,0.281714970027296,1.24266563664526,1.27404233004983
"adelaideadvanced",2016-11-04,"eucalyptus_leucoxylon_megalocarpa","ELM_18","ELM_18-eucalyptus_leucoxylon_megalocarpa",18,12.11,17.5,1.81,21.9191,1.34082271801224,1.25527250510331,0.257678574869184,1.08314414314305,1.24303804868629
"adelaideadvanced",2016-11-04,"eucalyptus_leucoxylon_megalocarpa","ELM_18","ELM_18-eucalyptus_leucoxylon_megalocarpa",18,15.54,18.505,1.21,18.8034,1.27423638478135,1.25527250510331,0.0827853703164501,1.1914510144649,1.26728908943113
"adelaideadvanced",2016-11-04,"eucalyptus_leucoxylon_megalocarpa","ELM_18","ELM_18-eucalyptus_leucoxylon_megalocarpa",18,15.365,19.64,1.692,25.99758,1.4149329232954,1.25527250510331,0.228400358703005,1.1865325645924,1.29314148345093
"adelaideadvanced",2016-11-04,"eucalyptus_leucoxylon_megalocarpa","ELM_18","ELM_18-eucalyptus_leucoxylon_megalocarpa",18,18.45,23.705,1.553,28.65285,1.45716782622364,1.25527250510331,0.191171455728559,1.26599637049508,1.37483995965498
"adelaideadvanced",2016-11-04,"eucalyptus_leucoxylon_megalocarpa","ELM_18","ELM_18-eucalyptus_leucoxylon_megalocarpa",18,17.16,21.77,1.843,31.62588,1.50004261873176,1.25527250510331,0.265525335219074,1.23451728351269,1.33785842904109
"adelaideadvanced",2016-11-04,"eucalyptus_leucoxylon_megalocarpa","ELM_18","ELM_18-eucalyptus_leucoxylon_megalocarpa",18,18.945,23.82,2.008,38.04156,1.58025831808399,1.25527250510331,0.302763708472982,1.27749460961101,1.37694175714676
"adelaideadvanced",2016-11-04,"eucalyptus_leucoxylon_megalocarpa","ELM_18","ELM_18-eucalyptus_leucoxylon_megalocarpa",18,17.545,22.84,1.686,29.58087,1.47101094284015,1.25527250510331,0.226857570288723,1.24415337255143,1.35869609957381
"adelaideadvanced",2016-11-04,"eucalyptus_leucoxylon_megalocarpa","ELM_18","ELM_18-eucalyptus_leucoxylon_megalocarpa",18,19.68,23.575,1.68,33.0624,1.51933437582119,1.25527250510331,0.225309281725863,1.29402509409532,1.37245170140937
"adelaideadvanced",2016-11-04,"eucalyptus_leucoxylon_megalocarpa","ELM_18","ELM_18-eucalyptus_leucoxylon_megalocarpa",18,15.25,20.43,1.575,24.01875,1.38055040180842,1.25527250510331,0.197280558125619,1.1832698436828,1.31026836663245
"adelaideadvanced",2016-11-04,"eucalyptus_leucoxylon_megalocarpa","ELM_18","ELM_18-eucalyptus_leucoxylon_megalocarpa",18,17.115,19.335,1.565,26.784975,1.42789124535636,1.25527250510331,0.194514341882467,1.2333769034739,1.28634417640908
"adelaideadvanced",2016-11-04,"eucalyptus_leucoxylon_megalocarpa","ELM_18","ELM_18-eucalyptus_leucoxylon_megalocarpa",18,15.815,20.955,1.568,24.79792,1.39441525460016,1.25527250510331,0.19534605834842,1.19906919625174,1.32128766516986
"adelaideadvanced",2016-11-04,"eucalyptus_leucoxylon_megalocarpa","ELM_18","ELM_18-eucalyptus_leucoxylon_megalocarpa",18,17.6,24.11,1.89,33.264,1.52197447198739,1.25527250510331,0.276461804173244,1.24551266781415,1.38219721037745
"adelaideadvanced",2016-11-04,"eucalyptus_leucoxylon_megalocarpa","ELM_18","ELM_18-eucalyptus_leucoxylon_megalocarpa",18,15.295,15.79,1.826,27.92867,1.44605025451898,1.25527250510331,0.26150077319828,1.1845494813207,1.19838213000829
"adelaideadvanced",2016-11-04,"eucalyptus_leucoxylon_megalocarpa","ELM_18","ELM_18-eucalyptus_leucoxylon_megalocarpa",18,19.06,24.555,1.741,33.18346,1.52092166741964,1.25527250510331,0.240798771117331,1.28012289630231,1.39013993846762
"adelaideadvanced",2016-11-04,"eucalyptus_leucoxylon_megalocarpa","ELM_18","ELM_18-eucalyptus_leucoxylon_megalocarpa",18,18.09,21.705,1.927,34.85943,1.54232028151527,1.25527250510331,0.284881714655453,1.25743856685981,1.33655979017472
"adelaideadvanced",2016-11-04,"eucalyptus_leucoxylon_megalocarpa","ELM_18","ELM_18-eucalyptus_leucoxylon_megalocarpa",18,19.865,25.16,1.869,37.127685,1.56969787077021,1.25527250510331,0.271609301378832,1.29808856939138,1.40071063677323
"adelaideadvanced",2016-11-04,"eucalyptus_leucoxylon_megalocarpa","ELM_18","ELM_18-eucalyptus_leucoxylon_megalocarpa",18,15.72,19.27,1.745,27.4314,1.43824797299859,1.25527250510331,0.241795431295199,1.19645254170339,1.28488171465545
"adelaideadvanced",2016-11-04,"eucalyptus_leucoxylon_megalocarpa","ELM_18","ELM_18-eucalyptus_leucoxylon_megalocarpa",18,17.43,21.65,1.663,28.98609,1.46218963632951,1.25527250510331,0.220892249219519,1.24129738710999,1.33545790068938
"adelaideadvanced",2016-11-04,"eucalyptus_leucoxylon_megalocarpa","ELM_18","ELM_18-eucalyptus_leucoxylon_megalocarpa",18,14.59,15.96,1.919,27.99821,1.44713026662892,1.25527250510331,0.283074974735472,1.16405529189345,1.20303288701471
"adelaideadvanced",2016-11-04,"eucalyptus_leucoxylon_megalocarpa","ELM_18","ELM_18-eucalyptus_leucoxylon_megalocarpa",18,15.93,20.82,1.582,25.20126,1.40142225496279,1.25527250510331,0.199206479161658,1.20221577580113,1.31848072517452
"adelaideadvanced",2016-11-04,"eucalyptus_leucoxylon_megalocarpa","ELM_18","ELM_18-eucalyptus_leucoxylon_megalocarpa",18,19.29,23.62,1.564,30.16956,1.47956897636771,1.25527250510331,0.194236748723829,1.28533222764388,1.3732798932775
"adelaideadvanced",2016-11-04,"eucalyptus_leucoxylon_megalocarpa","ELM_18","ELM_18-eucalyptus_leucoxylon_megalocarpa",18,19.81,24.31,1.747,34.60807,1.53917738052148,1.25527250510331,0.242292904982931,1.29688447553855,1.38578495884334
"adelaideadvanced",2016-11-04,"eucalyptus_leucoxylon_megalocarpa","ELM_18","ELM_18-eucalyptus_leucoxylon_megalocarpa",18,17.46,22.895,1.528,26.67888,1.42616759360922,1.25527250510331,0.184123354239671,1.24204423936955,1.35974064786372
"adelaideadvanced",2016-11-04,"eucalyptus_leucoxylon_megalocarpa","ELM_18","ELM_18-eucalyptus_leucoxylon_megalocarpa",18,15.35,20.54,1.534,23.5469,1.37193373942617,1.25527250510331,0.185825359612962,1.18610837981321,1.31260043926126
"adelaideadvanced",2016-11-04,"eucalyptus_leucoxylon_megalocarpa","ELM_18","ELM_18-eucalyptus_leucoxylon_megalocarpa",18,15.69,18.35,1.819,28.54011,1.45545564265042,1.25527250510331,0.259832699063484,1.19562294358694,1.26363606858811
"adelaideadvanced",2016-11-04,"eucalyptus_leucoxylon_megalocarpa","ELM_18","ELM_18-eucalyptus_leucoxylon_megalocarpa",18,14.23,19.125,1.618,23.02414,1.36218341736054,1.25527250510331,0.208978517276254,1.15320490008428,1.28160144382566
"adelaideadvanced",2016-11-04,"eucalyptus_leucoxylon_megalocarpa","ELM_18","ELM_18-eucalyptus_leucoxylon_megalocarpa",18,14.04,18.035,1.405,19.7262,1.29504343203489,1.25527250510331,0.147676324241099,1.14736710779379,1.25611614665438
"adelaideadvanced",2016-11-04,"eucalyptus_leucoxylon_megalocarpa","ELM_18","ELM_18-eucalyptus_leucoxylon_megalocarpa",18,16.26,19.64,1.986,32.29236,1.50909978541741,1.25527250510331,0.297979244159362,1.21112054125805,1.29314148345093
"adelaideadvanced",2016-11-04,"eucalyptus_leucoxylon_megalocarpa","ELM_18","ELM_18-eucalyptus_leucoxylon_megalocarpa",18,17.205,24.49,2.019,34.736895,1.54079099590059,1.25527250510331,0.305136318943639,1.23565467695695,1.38898878512471
"adelaideadvanced",2016-11-04,"eucalyptus_leucoxylon_megalocarpa","ELM_18","ELM_18-eucalyptus_leucoxylon_megalocarpa",18,14.01,17.34,1.659,23.24259,1.36628452131014,1.25527250510331,0.219846386024361,1.14643813528577,1.23904909314019
"adelaideadvanced",2016-11-04,"eucalyptus_leucoxylon_megalocarpa","ELM_18","ELM_18-eucalyptus_leucoxylon_megalocarpa",18,17.475,22.565,1.72,30.057,1.47794563132527,1.25527250510331,0.235528446907549,1.24241718441772,1.35343533785616
"adelaideadvanced",2016-11-04,"callistemon_kingsparkspecial","ck_18","ck_18-callistemon_kingsparkspecial",18,10.95,19.83,1.43,15.6585,1.1947501566412,1.25527250510331,0.155336037465062,1.03941411917614,1.2973227142053
"adelaideadvanced",2016-11-04,"callistemon_kingsparkspecial","ck_18","ck_18-callistemon_kingsparkspecial",18,11.365,19.62,0.92,10.4558,1.01935726740654,1.25527250510331,-0.0362121726544447,1.05556944006099,1.29269900304393
"adelaideadvanced",2016-11-04,"callistemon_kingsparkspecial","ck_18","ck_18-callistemon_kingsparkspecial",18,9.835,22.695,1.25,12.29375,1.08968437726341,1.25527250510331,0.0969100130080564,0.992774364255356,1.35593018707887
"adelaideadvanced",2016-11-04,"callistemon_kingsparkspecial","ck_18","ck_18-callistemon_kingsparkspecial",18,10.46,17.3,1.11,11.6106,1.06485466331791,1.25527250510331,0.0453229787866575,1.01953168453126,1.2380461031288
"adelaideadvanced",2016-11-04,"callistemon_kingsparkspecial","ck_18","ck_18-callistemon_kingsparkspecial",18,7.115,18.45,0.835,5.941025,0.773861379903905,1.25527250510331,-0.0783135245163979,0.852174904420303,1.26599637049508
"adelaideadvanced",2016-11-04,"callistemon_kingsparkspecial","ck_18","ck_18-callistemon_kingsparkspecial",18,10.385,17.98,1.025,10.644625,1.02713036626289,1.25527250510331,0.0107238653917731,1.01640650087112,1.25478968739721
"adelaideadvanced",2016-11-04,"callistemon_kingsparkspecial","ck_18","ck_18-callistemon_kingsparkspecial",18,7.87,16.385,1.043,8.20841,0.914259040785595,1.25527250510331,0.0182843084265308,0.895974732359065,1.21444644571839
"adelaideadvanced",2016-11-04,"callistemon_kingsparkspecial","ck_18","ck_18-callistemon_kingsparkspecial",18,8.33,12.52,1.25,10.4125,1.01755501441484,1.25527250510331,0.0969100130080564,0.920645001406788,1.09760432887441
"adelaideadvanced",2016-11-04,"callistemon_kingsparkspecial","ck_18","ck_18-callistemon_kingsparkspecial",18,11.22,20.56,1.142,12.81324,1.10765896082997,1.25527250510331,0.0576661039098293,1.04999285692014,1.31302311032324
"adelaideadvanced",2016-11-04,"callistemon_kingsparkspecial","ck_18","ck_18-callistemon_kingsparkspecial",18,12.185,14.075,1.077,13.123245,1.11804123681872,1.25527250510331,0.0322157032979816,1.08582553352074,1.14844840352338
"adelaideadvanced",2016-11-04,"callistemon_kingsparkspecial","ck_18","ck_18-callistemon_kingsparkspecial",18,12.035,20.785,1.362,16.39167,1.21462320218782,1.25527250510331,0.134177107576766,1.08044609461105,1.31775002884223
"adelaideadvanced",2016-11-04,"callistemon_kingsparkspecial","ck_18","ck_18-callistemon_kingsparkspecial",18,13.665,22.46,1.108,15.14082,1.18014939642109,1.25527250510331,0.0445397603924109,1.13560963602868,1.35140975192544
"adelaideadvanced",2016-11-04,"callistemon_kingsparkspecial","ck_18","ck_18-callistemon_kingsparkspecial",18,11.59,22.17,1.045,12.11155,1.08319972641067,1.25527250510331,0.0191162904470728,1.0640834359636,1.34576569311449
"adelaideadvanced",2016-11-04,"callistemon_kingsparkspecial","ck_18","ck_18-callistemon_kingsparkspecial",18,11.57,20.205,1.052,12.17164,1.08534909876947,1.25527250510331,0.0220157398177203,1.06333335895175,1.30545885477867
"adelaideadvanced",2016-11-04,"callistemon_kingsparkspecial","ck_18","ck_18-callistemon_kingsparkspecial",18,9.135,21.975,1.168,10.66968,1.02815139446494,1.25527250510331,0.0674428427763807,0.960708551688557,1.34192888374581
"adelaideadvanced",2016-11-04,"callistemon_kingsparkspecial","ck_18","ck_18-callistemon_kingsparkspecial",18,12.39,20.345,1.13,14.0007,1.14614974985948,1.25527250510331,0.0530784434834197,1.09307130637606,1.3084576941893
"adelaideadvanced",2016-11-04,"callistemon_kingsparkspecial","ck_18","ck_18-callistemon_kingsparkspecial",18,11.675,20.81,1.095,12.784125,1.10667100841429,1.25527250510331,0.0394141191761371,1.06725688923815,1.31827208021163
"adelaideadvanced",2016-11-04,"callistemon_kingsparkspecial","ck_18","ck_18-callistemon_kingsparkspecial",18,11.495,21.415,0.997,11.460515,1.05920413391695,1.25527250510331,-0.00130484168834428,1.0605089756053,1.33071807873259
"adelaideadvanced",2016-11-04,"callistemon_kingsparkspecial","ck_18","ck_18-callistemon_kingsparkspecial",18,11.595,19.57,1,11.595,1.06427075297401,1.25527250510331,0,1.06427075297401,1.291590825658
"adelaideadvanced",2016-11-04,"callistemon_kingsparkspecial","ck_18","ck_18-callistemon_kingsparkspecial",18,9.525,20.245,1.249,11.896725,1.07542742272179,1.25527250510331,0.0965624383741356,0.978864984347657,1.30631778110443
"adelaideadvanced",2016-11-04,"callistemon_kingsparkspecial","ck_18","ck_18-callistemon_kingsparkspecial",18,8.585,17.315,0.949,8.147165,0.911006511924228,1.25527250510331,-0.0227337875727073,0.933740299496935,1.23842249588548
"adelaideadvanced",2016-11-04,"callistemon_kingsparkspecial","ck_18","ck_18-callistemon_kingsparkspecial",18,8.75,21.08,0.96,8.4,0.924279286061882,1.25527250510331,-0.0177287669604316,0.942008053022313,1.32387060654051
"adelaideadvanced",2016-11-04,"callistemon_kingsparkspecial","ck_18","ck_18-callistemon_kingsparkspecial",18,9.29,16.165,1.009,9.37361,0.971906880230552,1.25527250510331,0.00389116623691057,0.968015713993642,1.20857570894757
"adelaideadvanced",2016-11-04,"callistemon_kingsparkspecial","ck_18","ck_18-callistemon_kingsparkspecial",18,7.85,20.55,0.75,5.8875,0.769930920136953,1.25527250510331,-0.1249387366083,0.894869656745253,1.31281182621209
"adelaideadvanced",2016-11-04,"callistemon_kingsparkspecial","ck_18","ck_18-callistemon_kingsparkspecial",18,10.795,15.18,1.35,14.57325,1.16355641516526,1.25527250510331,0.130333768495006,1.03322264667025,1.18127177155946
"adelaideadvanced",2016-11-04,"callistemon_kingsparkspecial","ck_18","ck_18-callistemon_kingsparkspecial",18,12.3,20.245,1.119,13.7637,1.13873519796775,1.25527250510331,0.04883008652835,1.0899051114394,1.30631778110443
"adelaideadvanced",2016-11-04,"callistemon_kingsparkspecial","ck_18","ck_18-callistemon_kingsparkspecial",18,9.745,18.95,0.789,7.688805,0.885858846663061,1.25527250510331,-0.10292299679058,0.98878184345364,1.27760921430409
"adelaideadvanced",2016-11-04,"callistemon_kingsparkspecial","ck_18","ck_18-callistemon_kingsparkspecial",18,13.75,19.91,1.142,15.7025,1.19596880207611,1.25527250510331,0.0576661039098293,1.13830269816628,1.29907126002741
"adelaideadvanced",2016-11-04,"callistemon_kingsparkspecial","ck_18","ck_18-callistemon_kingsparkspecial",18,12.685,17.715,0.987,12.520095,1.09760762422739,1.25527250510331,-0.00568284733036327,1.10329047155775,1.2483411566692
"adelaideadvanced",2016-11-04,"callistemon_kingsparkspecial","ck_18","ck_18-callistemon_kingsparkspecial",18,12.73,18.53,1.192,15.17416,1.18110465905787,1.25527250510331,0.0762762554042176,1.10482840365366,1.2678754193189
"adelaideadvanced",2016-11-04,"callistemon_kingsparkspecial","ck_18","ck_18-callistemon_kingsparkspecial",18,9.01,18.305,0.963,8.67663,0.938351078103598,1.25527250510331,-0.0163737128754655,0.954724790979063,1.26256973321755
"adelaideadvanced",2016-11-04,"callistemon_kingsparkspecial","ck_18","ck_18-callistemon_kingsparkspecial",18,10.865,22.58,1.192,12.95108,1.11230598606076,1.25527250510331,0.0762762554042176,1.03602973065654,1.35372393758895
"adelaideadvanced",2016-11-04,"callistemon_kingsparkspecial","ck_18","ck_18-callistemon_kingsparkspecial",18,8.825,21.76,0.959,8.463175,0.927533321230524,1.25527250510331,-0.0181813928293364,0.94571471405986,1.33765889102614
"adelaideadvanced",2016-11-04,"callistemon_kingsparkspecial","ck_18","ck_18-callistemon_kingsparkspecial",18,12.315,23.225,0.963,11.859345,1.07406070329966,1.25527250510331,-0.0163737128754655,1.09043441617512,1.36595572266568
"adelaideadvanced",2016-11-04,"callistemon_kingsparkspecial","ck_18","ck_18-callistemon_kingsparkspecial",18,13.53,19.73,1.103,14.92359,1.17387330903781,1.25527250510331,0.0425755124401906,1.13129779659762,1.29512708525219
"adelaideadvanced",2016-11-04,"callistemon_kingsparkspecial","ck_18","ck_18-callistemon_kingsparkspecial",18,11.705,22.64,1.063,12.442415,1.09490468255594,1.25527250510331,0.0265332645232967,1.06837141803264,1.35487642251623
"adelaideadvanced",2016-11-04,"callistemon_kingsparkspecial","ck_18","ck_18-callistemon_kingsparkspecial",18,13.055,17.985,1.226,16.00543,1.20426734634136,1.25527250510331,0.0884904701823962,1.11577687615896,1.25491044215453
"adelaideadvanced",2016-11-04,"callistemon_kingsparkspecial","ck_18","ck_18-callistemon_kingsparkspecial",18,13.5,16.445,0.923,12.4605,1.09553546952092,1.25527250510331,-0.034798298974088,1.13033376849501,1.21603387781867
"adelaideadvanced",2016-11-04,"callistemon_kingsparkspecial","ck_18","ck_18-callistemon_kingsparkspecial",18,12.545,15.845,1.126,14.12567,1.15000905616596,1.25527250510331,0.0515383905153274,1.09847066565063,1.19989224352632
"adelaideadvanced",2016-11-04,"callistemon_kingsparkspecial","ck_18","ck_18-callistemon_kingsparkspecial",18,11.15,21.25,1.198,13.3577,1.12573168543747,1.25527250510331,0.0784568180532926,1.04727486738418,1.32735893438633
"adelaideadvanced",2016-11-04,"callistemon_kingsparkspecial","ck_18","ck_18-callistemon_kingsparkspecial",18,10.09,17.945,1.142,11.52278,1.06155727014674,1.25527250510331,0.0576661039098293,1.00389116623691,1.25394346266926
"adelaideadvanced",2016-11-04,"callistemon_kingsparkspecial","ck_18","ck_18-callistemon_kingsparkspecial",18,12.35,19.215,0.94,11.609,1.06479481119538,1.25527250510331,-0.0268721464003014,1.09166695759568,1.28364038880037
"adelaideadvanced",2016-11-04,"callistemon_kingsparkspecial","ck_18","ck_18-callistemon_kingsparkspecial",18,11.515,17.95,1.138,13.10407,1.1174062043593,1.25527250510331,0.0561422620590523,1.06126394230025,1.25406445291434
"adelaideadvanced",2016-11-04,"callistemon_kingsparkspecial","ck_18","ck_18-callistemon_kingsparkspecial",18,8.505,18.67,0.863,7.339815,0.865685113663797,1.25527250510331,-0.0639892042847904,0.929674317948588,1.27114431794908
"adelaideadvanced",2016-11-04,"callistemon_kingsparkspecial","ck_18","ck_18-callistemon_kingsparkspecial",18,10.705,21.99,1.175,12.578375,1.09962453823821,1.25527250510331,0.0700378666077551,1.02958667163046,1.34222522936079
"adelaideadvanced",2016-11-04,"callistemon_kingsparkspecial","ck_27","ck_27-callistemon_kingsparkspecial",27,15.73,19.63,1.371,21.56583,1.3337661774128,1.43136376415899,0.137037454789513,1.19672872262329,1.29292029960001
"adelaideadvanced",2016-11-04,"callistemon_kingsparkspecial","ck_27","ck_27-callistemon_kingsparkspecial",27,17.06,22.05,1.426,24.32756,1.38609855234735,1.43136376415899,0.154119525515847,1.2319790268315,1.34340859380386
"adelaideadvanced",2016-11-04,"callistemon_kingsparkspecial","ck_27","ck_27-callistemon_kingsparkspecial",27,15.85,26.035,1.458,23.1093,1.36378679053573,1.43136376415899,0.163757523981956,1.20002926655377,1.41555758201171
"adelaideadvanced",2016-11-04,"callistemon_kingsparkspecial","ck_27","ck_27-callistemon_kingsparkspecial",27,15.67,22.855,1.356,21.24852,1.32732868599963,1.43136376415899,0.132259689531044,1.19506899646859,1.35898122562535
"adelaideadvanced",2016-11-04,"callistemon_kingsparkspecial","ck_27","ck_27-callistemon_kingsparkspecial",27,20.13,23.035,1.541,31.02033,1.49164641360707,1.43136376415899,0.187802638718419,1.30384377488865,1.3623882165887
"adelaideadvanced",2016-11-04,"callistemon_kingsparkspecial","ck_27","ck_27-callistemon_kingsparkspecial",27,24.1,30.4,1.763,42.4883,1.62826935487419,1.43136376415899,0.246252312299322,1.38201704257487,1.48287358360875
"adelaideadvanced",2016-11-04,"callistemon_kingsparkspecial","ck_27","ck_27-callistemon_kingsparkspecial",27,20.975,21.56,1.605,33.664875,1.52717700624163,1.43136376415899,0.205475036740891,1.32170196950074,1.3336487565147
"adelaideadvanced",2016-11-04,"callistemon_kingsparkspecial","ck_27","ck_27-callistemon_kingsparkspecial",27,18.875,23.375,1.623,30.634125,1.48620548012746,1.43136376415899,0.210318519826232,1.27588696030123,1.36875161954456
"adelaideadvanced",2016-11-04,"callistemon_kingsparkspecial","ck_27","ck_27-callistemon_kingsparkspecial",27,21.19,21.915,1.55,32.8445,1.51646265488109,1.43136376415899,0.190331698170291,1.32613095671079,1.34074147498998
"adelaideadvanced",2016-11-04,"callistemon_kingsparkspecial","ck_27","ck_27-callistemon_kingsparkspecial",27,19.705,22.645,1.559,30.720095,1.48742255439046,1.43136376415899,0.192846115188842,1.29457643920162,1.35497232501898
"adelaideadvanced",2016-11-04,"callistemon_kingsparkspecial","ck_27","ck_27-callistemon_kingsparkspecial",27,16.62,20.02,1.804,29.98248,1.47686755265402,1.43136376415899,0.256236533205923,1.22063101944809,1.3014640731433
"adelaideadvanced",2016-11-04,"callistemon_kingsparkspecial","ck_27","ck_27-callistemon_kingsparkspecial",27,15.535,18.69,1.408,21.87328,1.33991391239709,1.43136376415899,0.148602654806093,1.19131125759099,1.27160930137883
"adelaideadvanced",2016-11-04,"callistemon_kingsparkspecial","ck_27","ck_27-callistemon_kingsparkspecial",27,19.51,26.25,1.337,26.08487,1.4163886766565,1.43136376415899,0.126131407261984,1.29025726939452,1.41912930774198
"adelaideadvanced",2016-11-04,"callistemon_kingsparkspecial","ck_27","ck_27-callistemon_kingsparkspecial",27,19.305,21.605,1.409,27.200745,1.43458079906942,1.43136376415899,0.148910993109356,1.28566980596007,1.33455427064725
"adelaideadvanced",2016-11-04,"callistemon_kingsparkspecial","ck_27","ck_27-callistemon_kingsparkspecial",27,20.12,21.03,1.426,28.69112,1.45774750189974,1.43136376415899,0.154119525515847,1.30362797638389,1.32283927268632
"adelaideadvanced",2016-11-04,"callistemon_kingsparkspecial","ck_27","ck_27-callistemon_kingsparkspecial",27,17.41,22.75,1.63,28.3783,1.45298637552129,1.43136376415899,0.212187604403958,1.24079877111733,1.35698140099313
"adelaideadvanced",2016-11-04,"callistemon_kingsparkspecial","ck_27","ck_27-callistemon_kingsparkspecial",27,18.17,21.935,1.533,27.85461,1.44489708216241,1.43136376415899,0.185542154854375,1.25935492730803,1.34113763874096
"adelaideadvanced",2016-11-04,"callistemon_kingsparkspecial","ck_27","ck_27-callistemon_kingsparkspecial",27,16.73,21.53,1.41,23.5893,1.37271505361777,1.43136376415899,0.14921911265538,1.22349594096239,1.33304402982349
"adelaideadvanced",2016-11-04,"callistemon_kingsparkspecial","ck_27","ck_27-callistemon_kingsparkspecial",27,13.83,23.435,1.105,15.28215,1.18418445813044,1.43136376415899,0.0433622780211295,1.14082218010931,1.36986495785623
"adelaideadvanced",2016-11-04,"callistemon_kingsparkspecial","ck_27","ck_27-callistemon_kingsparkspecial",27,14.12,22.84,1.605,22.6626,1.35530973345668,1.43136376415899,0.205475036740891,1.14983469671579,1.35869609957381
"adelaideadvanced",2016-11-04,"callistemon_kingsparkspecial","ck_27","ck_27-callistemon_kingsparkspecial",27,20.51,20.675,1.211,24.83761,1.39510980351142,1.43136376415899,0.0831441431430522,1.31196566036837,1.31544551822458
"adelaideadvanced",2016-11-04,"callistemon_kingsparkspecial","ck_27","ck_27-callistemon_kingsparkspecial",27,14.94,19.765,1.391,20.78154,1.31767772747143,1.43136376415899,0.143327129992046,1.17435059747938,1.29589681867899
"adelaideadvanced",2016-11-04,"callistemon_kingsparkspecial","ck_27","ck_27-callistemon_kingsparkspecial",27,20.74,27.75,1.955,40.5467,1.60795551378491,1.43136376415899,0.291146761731886,1.31680875205302,1.4432629874587
"adelaideadvanced",2016-11-04,"callistemon_kingsparkspecial","ck_27","ck_27-callistemon_kingsparkspecial",27,18.155,22.325,1.466,26.61523,1.42513022355402,1.43136376415899,0.166133970305109,1.25899625324891,1.34879146756058
"adelaideadvanced",2016-11-04,"callistemon_kingsparkspecial","ck_27","ck_27-callistemon_kingsparkspecial",27,17.24,23.245,1.457,25.11868,1.39999681325868,1.43136376415899,0.16345955176999,1.23653726148869,1.36632955051911
"adelaideadvanced",2016-11-04,"callistemon_kingsparkspecial","ck_27","ck_27-callistemon_kingsparkspecial",27,18.875,20.38,1.753,33.087875,1.51966887639502,1.43136376415899,0.243781916093795,1.27588696030123,1.30920417967041
"adelaideadvanced",2016-11-04,"callistemon_kingsparkspecial","ck_27","ck_27-callistemon_kingsparkspecial",27,21.745,22.945,1.581,34.378845,1.53629128193356,1.43136376415899,0.198931869932209,1.33735941200135,1.36068806203068
"adelaideadvanced",2016-11-04,"callistemon_kingsparkspecial","ck_27","ck_27-callistemon_kingsparkspecial",27,22.475,29.125,1.586,35.64535,1.55200288338685,1.43136376415899,0.200303182981585,1.35169970040527,1.46426593403408
"adelaideadvanced",2016-11-04,"callistemon_kingsparkspecial","ck_27","ck_27-callistemon_kingsparkspecial",27,16.945,20.305,1.542,26.12919,1.41712594688834,1.43136376415899,0.188084373714938,1.2290415731734,1.30760299382606
"adelaideadvanced",2016-11-04,"callistemon_kingsparkspecial","ck_27","ck_27-callistemon_kingsparkspecial",27,14.575,23.01,1.137,16.571775,1.21936902811879,1.43136376415899,0.0557604646877348,1.16360856343105,1.36191661866864
"adelaideadvanced",2016-11-04,"callistemon_kingsparkspecial","ck_27","ck_27-callistemon_kingsparkspecial",27,14.96,21.425,1.581,23.65176,1.37386346346065,1.43136376415899,0.198931869932209,1.17493159352844,1.33092083059524
"adelaideadvanced",2016-11-04,"callistemon_kingsparkspecial","ck_27","ck_27-callistemon_kingsparkspecial",27,10.575,22.445,1.437,15.196275,1.18173714418131,1.43136376415899,0.157456768134226,1.02428037604708,1.35111960973767
"adelaideadvanced",2016-11-04,"callistemon_kingsparkspecial","ck_27","ck_27-callistemon_kingsparkspecial",27,21.645,27.74,1.426,30.86577,1.48947711566502,1.43136376415899,0.154119525515847,1.33535759014918,1.44310645673727
"adelaideadvanced",2016-11-04,"callistemon_kingsparkspecial","ck_27","ck_27-callistemon_kingsparkspecial",27,18.835,23.31,1.636,30.81406,1.48874892387459,1.43136376415899,0.213783299335304,1.27496562453929,1.36754227352058
"adelaideadvanced",2016-11-04,"callistemon_kingsparkspecial","ck_27","ck_27-callistemon_kingsparkspecial",27,15.625,20.145,1.296,20.25,1.30642502755069,1.43136376415899,0.112605001534575,1.19382002601611,1.3041672717244
"adelaideadvanced",2016-11-04,"callistemon_kingsparkspecial","ck_27","ck_27-callistemon_kingsparkspecial",27,12.255,25.825,1.397,17.120235,1.23350972170228,1.43136376415899,0.145196406114182,1.0883133155881,1.41204033019166
"adelaideadvanced",2016-11-04,"callistemon_kingsparkspecial","ck_27","ck_27-callistemon_kingsparkspecial",27,12.46,21.185,1.308,16.29768,1.2121257863114,1.43136376415899,0.116607743988248,1.09551804232315,1.32602846833701
"adelaideadvanced",2016-11-04,"callistemon_kingsparkspecial","ck_27","ck_27-callistemon_kingsparkspecial",27,20.51,22.895,1.45,29.7395,1.47333366260334,1.43136376415899,0.161368002234975,1.31196566036837,1.35974064786372
"adelaideadvanced",2016-11-04,"callistemon_kingsparkspecial","ck_27","ck_27-callistemon_kingsparkspecial",27,19.03,23.595,1.745,33.20735,1.52123421958222,1.43136376415899,0.241795431295199,1.27943878828702,1.37281998167897
"adelaideadvanced",2016-11-04,"callistemon_kingsparkspecial","ck_27","ck_27-callistemon_kingsparkspecial",27,19.02,20.075,1.5,28.53,1.45530177165708,1.43136376415899,0.176091259055681,1.2792105126014,1.30265555395072
"adelaideadvanced",2016-11-04,"callistemon_kingsparkspecial","ck_27","ck_27-callistemon_kingsparkspecial",27,21.485,23.12,1.621,34.827185,1.54191837286844,1.43136376415899,0.209783014848515,1.33213535801992,1.36398782974849
"adelaideadvanced",2016-11-04,"callistemon_kingsparkspecial","ck_27","ck_27-callistemon_kingsparkspecial",27,18.36,23.485,1.565,28.7334,1.45838701874769,1.43136376415899,0.194514341882467,1.26387267686522,1.37079056451927
"adelaideadvanced",2016-11-04,"callistemon_kingsparkspecial","ck_27","ck_27-callistemon_kingsparkspecial",27,17.465,19.215,1.274,22.25041,1.347338017973,1.43136376415899,0.105169427999332,1.24216858997367,1.28364038880037
"adelaideadvanced",2016-11-04,"callistemon_kingsparkspecial","ck_27","ck_27-callistemon_kingsparkspecial",27,16.8,20.215,1.63,27.384,1.43749688612982,1.43136376415899,0.212187604403958,1.22530928172586,1.30567374566969
"adelaideadvanced",2016-11-04,"callistemon_kingsparkspecial","ck_27","ck_27-callistemon_kingsparkspecial",27,19.275,23.735,1.515,29.201625,1.46540701956132,1.43136376415899,0.180412632838324,1.28499438672299,1.37538923605438
