nursery,date,species,site,batch_id,batch_id2,volume,calliper300,rcd,height_m,sizeindex,logSI,logvol,logH,logD,logRCD
a_mm,26/05/2016,araucaria_heterophylla,Mangrove Mountain,001-A-045,001-A-045-araucaria_heterophylla,200,105.965,90.425,4.462,472.81583,2.674692008,2.301029996,0.649529566,2.025162442,1.956288517
a_mm,26/05/2016,araucaria_heterophylla,Mangrove Mountain,001-A-045,001-A-045-araucaria_heterophylla,200,81.84,101.38,4.3,351.912,2.546434076,2.301029996,0.633468456,1.912965621,2.005952287
a_mm,26/05/2016,araucaria_heterophylla,Mangrove Mountain,001-A-045,001-A-045-araucaria_heterophylla,200,84.075,91.78,4.406,370.43445,2.568711369,2.301029996,0.644044493,1.924666876,1.962748053
a_mm,26/05/2016,araucaria_heterophylla,Mangrove Mountain,001-A-045,001-A-045-araucaria_heterophylla,200,83.54,104.605,4.516,377.26664,2.576648404,2.301029996,0.654753933,1.921894471,2.019552444
a_mm,26/05/2016,araucaria_heterophylla,Mangrove Mountain,001-A-045,001-A-045-araucaria_heterophylla,200,72.755,89.635,2.791,203.059205,2.307622682,2.301029996,0.445759836,1.861862845,1.952477623
a_mm,26/05/2016,araucaria_heterophylla,Mangrove Mountain,001-A-045,001-A-045-araucaria_heterophylla,200,86.875,102.13,3.959,343.938125,2.536480319,2.301029996,0.597585502,1.938894818,2.009153332
a_mm,26/05/2016,araucaria_heterophylla,Mangrove Mountain,001-A-045,001-A-045-araucaria_heterophylla,200,72.675,93.25,4.37,317.58975,2.501866477,2.301029996,0.640481437,1.86138504,1.96964884
a_mm,26/05/2016,araucaria_heterophylla,Mangrove Mountain,001-A-045,001-A-045-araucaria_heterophylla,200,79.13,84.225,4.369,345.71897,2.53872321,2.301029996,0.640382045,1.898341166,1.92544102
a_mm,26/05/2016,araucaria_heterophylla,Mangrove Mountain,001-A-045,001-A-045-araucaria_heterophylla,200,84.915,92.76,4.295,364.709925,2.561947582,2.301029996,0.632963168,1.928984414,1.96736074
a_mm,26/05/2016,araucaria_heterophylla,Mangrove Mountain,001-A-045,001-A-045-araucaria_heterophylla,200,70.54,90.25,4.444,313.47976,2.496209506,2.301029996,0.64777405,1.848435455,1.955447211
a_mm,26/05/2016,elaeocarpus_reticulatus_primadonna,Mangrove Mountain,002-A-021,002-A-021-elaeocarpus_reticulatus_primadonna,75,40.805,53.86,2.396,97.76878,1.990200196,1.875061263,0.379486814,1.610713382,1.731266349
a_mm,26/05/2016,elaeocarpus_reticulatus_primadonna,Mangrove Mountain,002-A-021,002-A-021-elaeocarpus_reticulatus_primadonna,75,42.89,48.97,2.809,120.47801,2.080907785,1.875061263,0.448551739,1.632356046,1.689930104
a_mm,26/05/2016,elaeocarpus_reticulatus_primadonna,Mangrove Mountain,002-A-021,002-A-021-elaeocarpus_reticulatus_primadonna,75,41.985,50.825,2.211,92.828835,1.9676829,1.875061263,0.344588743,1.623094158,1.706077387
a_mm,26/05/2016,elaeocarpus_reticulatus_primadonna,Mangrove Mountain,002-A-021,002-A-021-elaeocarpus_reticulatus_primadonna,75,33.975,37.975,2.497,84.835575,1.928578008,1.875061263,0.397418542,1.531159465,1.579497783
a_mm,26/05/2016,elaeocarpus_reticulatus_primadonna,Mangrove Mountain,002-A-021,002-A-021-elaeocarpus_reticulatus_primadonna,75,40.92,50.59,3.049,124.76508,2.096093049,1.875061263,0.484157424,1.611935625,1.704064679
a_mm,26/05/2016,elaeocarpus_reticulatus_primadonna,Mangrove Mountain,002-A-021,002-A-021-elaeocarpus_reticulatus_primadonna,75,46.085,50.05,3.227,148.716295,2.172358557,1.875061263,0.508798965,1.663559592,1.699404082
a_mm,26/05/2016,elaeocarpus_reticulatus_primadonna,Mangrove Mountain,002-A-021,002-A-021-elaeocarpus_reticulatus_primadonna,75,37.615,43.685,3.306,124.35519,2.094663915,1.875061263,0.519302849,1.575361066,1.64033234
a_mm,26/05/2016,elaeocarpus_reticulatus_primadonna,Mangrove Mountain,002-A-021,002-A-021-elaeocarpus_reticulatus_primadonna,75,45.07,48.105,3.377,152.20139,2.182418619,1.875061263,0.528531061,1.653887558,1.682190219
a_mm,26/05/2016,elaeocarpus_reticulatus_primadonna,Mangrove Mountain,002-A-021,002-A-021-elaeocarpus_reticulatus_primadonna,75,36.12,42.795,3.256,117.60672,2.070432138,1.875061263,0.512684396,1.557747742,1.631393031
a_mm,26/05/2016,elaeocarpus_reticulatus_primadonna,Mangrove Mountain,002-A-021,002-A-021-elaeocarpus_reticulatus_primadonna,75,33.115,42.4,3.284,108.74966,2.036427908,1.875061263,0.516403148,1.520024759,1.627365857
a_mm,26/05/2016,elaeocarpus_reticulatus_primadonna,Mangrove Mountain,002-A-021,002-A-021-elaeocarpus_reticulatus_primadonna,75,38.12,45.03,2.81,107.1172,2.029859212,1.875061263,0.44870632,1.581152892,1.653501947
a_mm,26/05/2016,elaeocarpus_reticulatus_primadonna,Mangrove Mountain,002-A-021,002-A-021-elaeocarpus_reticulatus_primadonna,75,39.08,47.69,2.68,104.7344,2.020089349,1.875061263,0.428134794,1.591954555,1.678427322
a_mm,26/05/2016,elaeocarpus_reticulatus_primadonna,Mangrove Mountain,002-A-021,002-A-021-elaeocarpus_reticulatus_primadonna,75,35.08,49.89,2.79,97.8732,1.990663788,1.875061263,0.445604203,1.545059585,1.698013504
a_mm,26/05/2016,elaeocarpus_reticulatus_primadonna,Mangrove Mountain,002-A-021,002-A-021-elaeocarpus_reticulatus_primadonna,75,41.92,53.015,2.79,116.9568,2.068025477,1.875061263,0.445604203,1.622421274,1.724398766
a_mm,26/05/2016,elaeocarpus_reticulatus_primadonna,Mangrove Mountain,002-A-021,002-A-021-elaeocarpus_reticulatus_primadonna,75,42.35,46.705,2.87,121.5445,2.084735311,1.875061263,0.457881897,1.626853415,1.669363376
a_mm,26/05/2016,elaeocarpus_reticulatus_primadonna,Mangrove Mountain,002-A-021,002-A-021-elaeocarpus_reticulatus_primadonna,75,36.385,41.415,2.97,108.06345,2.033678829,1.875061263,0.472756449,1.560922379,1.617157666
a_mm,26/05/2016,elaeocarpus_reticulatus_primadonna,Mangrove Mountain,002-A-021,002-A-021-elaeocarpus_reticulatus_primadonna,75,46.8,39.27,3.213,150.3684,2.177156579,1.875061263,0.506910726,1.670245853,1.594060901
a_mm,26/05/2016,elaeocarpus_reticulatus_primadonna,Mangrove Mountain,002-A-021,002-A-021-elaeocarpus_reticulatus_primadonna,75,45.515,48.705,2.967,135.043005,2.130472093,1.875061263,0.472317546,1.658154547,1.687573548
a_mm,26/05/2016,elaeocarpus_reticulatus_primadonna,Mangrove Mountain,002-A-021,002-A-021-elaeocarpus_reticulatus_primadonna,75,40.155,50.86,2.665,107.013075,2.029436844,1.875061263,0.425697213,1.60373963,1.706376356
a_mm,26/05/2016,elaeocarpus_reticulatus_primadonna,Mangrove Mountain,002-A-021,002-A-021-elaeocarpus_reticulatus_primadonna,75,44.23,53.705,3.105,137.33415,2.137778544,1.875061263,0.492061605,1.645716939,1.730014721
a_mm,26/05/2016,elaeocarpus_reticulatus_primadonna,Mangrove Mountain,002-A-052,002-A-052-elaeocarpus_reticulatus_primadonna,400,78.37,88.225,3.814,298.90318,2.475530535,2.602059991,0.581380689,1.894149847,1.945591667
a_mm,26/05/2016,elaeocarpus_reticulatus_primadonna,Mangrove Mountain,002-A-052,002-A-052-elaeocarpus_reticulatus_primadonna,400,89.67,100.365,4.92,441.1764,2.644612273,2.602059991,0.691965103,1.95264717,2.001582289
a_mm,26/05/2016,elaeocarpus_reticulatus_primadonna,Mangrove Mountain,002-A-052,002-A-052-elaeocarpus_reticulatus_primadonna,400,72.61,97.89,4.207,305.47027,2.484968949,2.602059991,0.623972512,1.860996437,1.990738329
a_mm,26/05/2016,elaeocarpus_reticulatus_primadonna,Mangrove Mountain,002-A-052,002-A-052-elaeocarpus_reticulatus_primadonna,400,84.59,90.14,4.422,374.05698,2.572937763,2.602059991,0.645618738,1.927319025,1.954917554
a_mm,26/05/2016,elaeocarpus_reticulatus_primadonna,Mangrove Mountain,005-A-015,005-A-015-elaeocarpus_reticulatus_primadonna,100,34.88,48.235,2.921,101.88448,2.008108033,2,0.465531557,1.542576476,1.683362283
a_mm,26/05/2016,elaeocarpus_reticulatus_primadonna,Mangrove Mountain,005-A-015,005-A-015-elaeocarpus_reticulatus_primadonna,100,33.95,45.08,3.006,102.0537,2.008828755,2,0.477988976,1.530839779,1.653983907
a_mm,26/05/2016,elaeocarpus_reticulatus_primadonna,Mangrove Mountain,005-A-015,005-A-015-elaeocarpus_reticulatus_primadonna,100,37.69,55.605,3,113.07,2.053347392,2,0.477121255,1.576226137,1.745113845
a_mm,26/05/2016,elaeocarpus_reticulatus_primadonna,Mangrove Mountain,005-A-015,005-A-015-elaeocarpus_reticulatus_primadonna,100,35.82,49.905,2.821,101.04822,2.004528668,2,0.450403086,1.554125582,1.69814406
a_mm,26/05/2016,elaeocarpus_reticulatus_primadonna,Mangrove Mountain,005-A-015,005-A-015-elaeocarpus_reticulatus_primadonna,100,41.49,49.835,2.751,114.13899,2.057434025,2,0.43949059,1.617943435,1.697534463
a_mm,26/05/2016,elaeocarpus_reticulatus_primadonna,Mangrove Mountain,005-A-015,005-A-015-elaeocarpus_reticulatus_primadonna,100,39.775,50.195,2.995,119.126125,2.076007015,2,0.476396827,1.599610188,1.700660459
a_mm,26/05/2016,elaeocarpus_reticulatus_primadonna,Mangrove Mountain,005-A-015,005-A-015-elaeocarpus_reticulatus_primadonna,100,35.14,47.685,3.009,105.73626,2.024223945,2,0.478422188,1.545801757,1.678381787
a_mm,26/05/2016,elaeocarpus_reticulatus_primadonna,Mangrove Mountain,005-A-015,005-A-015-elaeocarpus_reticulatus_primadonna,100,36.125,45.09,2.915,105.304375,2.022446415,2,0.464638559,1.557807856,1.654080235
a_mm,26/05/2016,elaeocarpus_reticulatus_primadonna,Mangrove Mountain,005-A-015,005-A-015-elaeocarpus_reticulatus_primadonna,100,35.56,50.625,2.84,100.9904,2.004280092,2,0.45331834,1.550961752,1.704365036
a_mm,26/05/2016,elaeocarpus_reticulatus_primadonna,Mangrove Mountain,005-A-015,005-A-015-elaeocarpus_reticulatus_primadonna,100,38.295,44.28,2.934,112.35753,2.050602183,2,0.46746011,1.583142074,1.646207612
a_mm,26/05/2016,elaeocarpus_reticulatus_primadonna,Mangrove Mountain,005-A-015,005-A-015-elaeocarpus_reticulatus_primadonna,100,38.44,49.89,2.984,114.70496,2.059582198,2,0.474798819,1.584783379,1.698013504
a_mm,26/05/2016,elaeocarpus_reticulatus_primadonna,Mangrove Mountain,005-A-015,005-A-015-elaeocarpus_reticulatus_primadonna,100,34.785,40.31,2.725,94.789125,1.976758514,2,0.435366507,1.541392008,1.605412798
a_mm,26/05/2016,elaeocarpus_reticulatus_primadonna,Mangrove Mountain,005-A-015,005-A-015-elaeocarpus_reticulatus_primadonna,100,39.45,41.875,2.72,107.304,2.030615912,2,0.434568904,1.596047008,1.62195482
a_mm,26/05/2016,elaeocarpus_reticulatus_primadonna,Mangrove Mountain,005-A-015,005-A-015-elaeocarpus_reticulatus_primadonna,100,38.245,40.08,3.075,117.603375,2.070419785,2,0.48784512,1.582574665,1.602927713
a_mm,26/05/2016,elaeocarpus_reticulatus_primadonna,Mangrove Mountain,005-A-015,005-A-015-elaeocarpus_reticulatus_primadonna,100,40.81,43.13,2.915,118.96115,2.075405154,2,0.464638559,1.610766595,1.634779458
a_mm,26/05/2016,elaeocarpus_reticulatus_primadonna,Mangrove Mountain,005-A-015,005-A-015-elaeocarpus_reticulatus_primadonna,100,37.075,41.65,2.765,102.512375,2.010776295,2,0.441695136,1.56908116,1.619615006
a_mm,26/05/2016,elaeocarpus_reticulatus_primadonna,Mangrove Mountain,005-A-015,005-A-015-elaeocarpus_reticulatus_primadonna,100,42.255,43.555,2.555,107.961525,2.033269011,2,0.407390904,1.625878106,1.639038018
a_mm,26/05/2016,elaeocarpus_reticulatus_primadonna,Mangrove Mountain,005-A-015,005-A-015-elaeocarpus_reticulatus_primadonna,100,40.025,45.695,2.936,117.5134,2.070087392,2,0.467756051,1.602331341,1.659868682
a_mm,26/05/2016,elaeocarpus_reticulatus_primadonna,Mangrove Mountain,005-A-015,005-A-015-elaeocarpus_reticulatus_primadonna,100,38.635,46.375,2.115,81.713025,1.912291288,2,0.325310372,1.586980917,1.666283923
a_mm,26/05/2016,elaeocarpus_reticulatus_primadonna,Mangrove Mountain,005-A-015,005-A-015-elaeocarpus_reticulatus_primadonna,100,38.885,44.065,2.824,109.81124,2.040646796,2,0.450864692,1.589782103,1.644093774
a_mm,26/05/2016,ficus_microcarpa_hilliiflash,Mangrove Mountain,001-A-036,001-A-036-ficus_macrocarpa_flash,200,71.84,83.895,3.049,219.04016,2.340523748,2.301029996,0.484157424,1.856366324,1.923736078
a_mm,26/05/2016,ficus_microcarpa_hilliiflash,Mangrove Mountain,001-A-036,001-A-036-ficus_macrocarpa_flash,200,83.935,89.605,3.413,286.470155,2.457079383,2.301029996,0.533136288,1.923943095,1.952332244
a_mm,26/05/2016,ficus_microcarpa_hilliiflash,Mangrove Mountain,001-A-036,001-A-036-ficus_macrocarpa_flash,200,85.85,96.395,3.088,265.1048,2.423417591,2.301029996,0.489677292,1.933740299,1.984054508
a_mm,26/05/2016,ficus_microcarpa_hilliiflash,Mangrove Mountain,001-A-036,001-A-036-ficus_macrocarpa_flash,200,81.345,90.8,3.2,260.304,2.415480842,2.301029996,0.505149978,1.910330863,1.958085849
a_mm,26/05/2016,ficus_microcarpa_hilliiflash,Mangrove Mountain,001-A-036,001-A-036-ficus_macrocarpa_flash,200,83.6,98.37,3.581,299.3716,2.476210598,2.301029996,0.554004321,1.922206277,1.992862671
a_mm,26/05/2016,ficus_microcarpa_hilliiflash,Mangrove Mountain,001-A-036,001-A-036-ficus_macrocarpa_flash,200,91.31,102.195,3.471,316.93701,2.500972956,2.301029996,0.540454614,1.960518343,2.009429648
a_mm,26/05/2016,ficus_microcarpa_hilliiflash,Mangrove Mountain,001-A-036,001-A-036-ficus_macrocarpa_flash,200,75.545,83.7,3.163,238.948835,2.378304917,2.301029996,0.500099192,1.878205726,1.922725458
a_mm,26/05/2016,ficus_microcarpa_hilliiflash,Mangrove Mountain,001-A-036,001-A-036-ficus_macrocarpa_flash,200,90.145,94.845,3.114,280.71153,2.448260251,2.301029996,0.493318608,1.954941643,1.977014441
a_mm,26/05/2016,ficus_microcarpa_hilliiflash,Mangrove Mountain,001-A-036,001-A-036-ficus_macrocarpa_flash,200,85.32,90.41,3.294,281.04408,2.448774442,2.301029996,0.517723595,1.931050847,1.956216469
a_mm,26/05/2016,ficus_microcarpa_hilliiflash,Mangrove Mountain,001-A-036,001-A-036-ficus_macrocarpa_flash,200,88.44,104.06,3.43,303.3492,2.481942854,2.301029996,0.53529412,1.946648734,2.017283822
a_mm,26/05/2016,ficus_microcarpa_hilliiflash,Mangrove Mountain,001-A-036,001-A-036-ficus_macrocarpa_flash,200,88.345,94.48,3.305,291.980225,2.465353439,2.301029996,0.519171464,1.946181975,1.975339885
a_mm,26/05/2016,ficus_microcarpa_hilliiflash,Mangrove Mountain,001-A-036,001-A-036-ficus_macrocarpa_flash,200,82.97,88.83,3.164,262.51708,2.419157565,2.301029996,0.500236475,1.91892109,1.948559662
a_mm,26/05/2016,ficus_microcarpa_hilliiflash,Mangrove Mountain,001-A-036,001-A-036-ficus_macrocarpa_flash,200,88.51,93.7,3.557,314.83007,2.498076206,2.301029996,0.551083865,1.946992341,1.971739591
a_mm,26/05/2016,ficus_microcarpa_hilliiflash,Mangrove Mountain,001-A-036,001-A-036-ficus_macrocarpa_flash,200,90.435,90.835,2.988,270.21978,2.431717136,2.301029996,0.475380593,1.956336543,1.958253221
a_mm,26/05/2016,ficus_microcarpa_hilliiflash,Mangrove Mountain,001-A-036,001-A-036-ficus_macrocarpa_flash,200,83.96,94.365,3.265,274.1294,2.437955616,2.301029996,0.513883186,1.92407243,1.974810944
a_mm,26/05/2016,ficus_microcarpa_hilliiflash,Mangrove Mountain,001-A-020,001-A-020-ficus_macrocarpa_flash,100,43.36,54.09,2.49,107.9664,2.033288621,2,0.396199347,1.637089274,1.733116981
a_mm,26/05/2016,ficus_microcarpa_hilliiflash,Mangrove Mountain,001-A-020,001-A-020-ficus_macrocarpa_flash,100,38.8,49.66,2.33,90.404,1.956187647,2,0.367355921,1.588831726,1.696006715
a_mm,26/05/2016,ficus_microcarpa_hilliiflash,Mangrove Mountain,001-A-020,001-A-020-ficus_macrocarpa_flash,100,43.815,55.995,2.46,107.7849,2.032557923,2,0.390935107,1.641622816,1.748149249
a_mm,26/05/2016,ficus_microcarpa_hilliiflash,Mangrove Mountain,001-A-020,001-A-020-ficus_macrocarpa_flash,100,47.31,53.94,2.395,113.30745,2.054258466,2,0.379305518,1.674952948,1.731910942
a_mm,26/05/2016,ficus_microcarpa_hilliiflash,Mangrove Mountain,001-A-020,001-A-020-ficus_macrocarpa_flash,100,46.455,57.425,2.58,119.8539,2.07865217,2,0.411619706,1.667032464,1.759101004
a_mm,26/05/2016,ficus_microcarpa_hilliiflash,Mangrove Mountain,001-A-020,001-A-020-ficus_macrocarpa_flash,100,43.765,51.61,2.377,104.029405,2.017156115,2,0.376029182,1.641126933,1.712733859
a_mm,26/05/2016,ficus_microcarpa_hilliiflash,Mangrove Mountain,001-A-020,001-A-020-ficus_macrocarpa_flash,100,47.795,54.16,2.37,113.27415,2.054130812,2,0.374748346,1.679382466,1.733678656
a_mm,26/05/2016,ficus_microcarpa_hilliiflash,Mangrove Mountain,001-A-020,001-A-020-ficus_macrocarpa_flash,100,42.42,52.285,2.486,105.45612,2.023071788,2,0.395501124,1.627570664,1.718377112
a_mm,26/05/2016,ficus_microcarpa_hilliiflash,Mangrove Mountain,001-A-020,001-A-020-ficus_macrocarpa_flash,100,48.085,59.57,2.536,121.94356,2.08615887,2,0.404149249,1.68200962,1.7750276
a_mm,26/05/2016,ficus_microcarpa_hilliiflash,Mangrove Mountain,001-A-020,001-A-020-ficus_macrocarpa_flash,100,40.955,59.085,2.115,86.619825,1.937617302,2,0.325310372,1.61230693,1.77147724
a_mm,26/05/2016,ficus_microcarpa_hilliiflash,Mangrove Mountain,001-A-020,001-A-020-ficus_macrocarpa_flash,100,42.84,55.42,2.325,99.603,1.998272419,2,0.366422957,1.631849462,1.743666521
a_mm,26/05/2016,ficus_microcarpa_hilliiflash,Mangrove Mountain,001-A-020,001-A-020-ficus_macrocarpa_flash,100,42.115,55.325,2.566,108.06709,2.033693457,2,0.409256652,1.624436805,1.742921423
a_mm,26/05/2016,ficus_microcarpa_hilliiflash,Mangrove Mountain,001-A-020,001-A-020-ficus_macrocarpa_flash,100,51.065,59.37,2.498,127.56037,2.10571577,2,0.397592434,1.708123336,1.773567049
a_mm,26/05/2016,ficus_microcarpa_hilliiflash,Mangrove Mountain,001-A-020,001-A-020-ficus_macrocarpa_flash,100,40.545,54.36,2.489,100.916505,2.003962201,2,0.396024897,1.607937305,1.735279448
a_mm,26/05/2016,ficus_microcarpa_hilliiflash,Mangrove Mountain,001-A-020,001-A-020-ficus_macrocarpa_flash,100,47,67.04,2.325,109.275,2.038520815,2,0.366422957,1.672097858,1.826334006
a_mm,26/05/2016,ficus_microcarpa_hilliiflash,Mangrove Mountain,001-A-020,001-A-020-ficus_macrocarpa_flash,100,41.07,52.105,2.405,98.77335,1.994639784,2,0.381115081,1.613524703,1.7168794
a_mm,26/05/2016,ficus_microcarpa_hilliiflash,Mangrove Mountain,001-A-020,001-A-020-ficus_macrocarpa_flash,100,46.365,50.61,2.06,95.5119,1.980057484,2,0.31386722,1.666190264,1.704236337
a_mm,26/05/2016,ficus_microcarpa_hilliiflash,Mangrove Mountain,001-A-020,001-A-020-ficus_macrocarpa_flash,100,46.355,53.66,2.575,119.364125,2.076873819,2,0.410777233,1.666096585,1.729650668
a_mm,26/05/2016,ficus_microcarpa_hilliiflash,Mangrove Mountain,001-A-020,001-A-020-ficus_macrocarpa_flash,100,52.79,63.74,2.422,127.85738,2.106725801,2,0.384174139,1.722551662,1.804412059
a_mm,26/05/2016,ficus_microcarpa_hilliiflash,Mangrove Mountain,001-A-020,001-A-020-ficus_macrocarpa_flash,100,51.86,62.635,2.675,138.7255,2.142156299,2,0.427323786,1.714832512,1.796817082
a_mm,26/05/2016,jacaranda_mimosifolia,Mangrove Mountain,001-A-039,001-A-039-jacaranda_mimosifolia,400,102.44,118.16,4.037,413.55028,2.616528319,2.602059991,0.606058749,2.01046957,2.072470482
a_mm,26/05/2016,jacaranda_mimosifolia,Mangrove Mountain,001-A-039,001-A-039-jacaranda_mimosifolia,400,109.91,137.745,1.999,219.71009,2.341850002,2.602059991,0.300812794,2.041037208,2.139075843
a_mm,26/05/2016,jacaranda_mimosifolia,Mangrove Mountain,001-A-039,001-A-039-jacaranda_mimosifolia,400,103.09,133.965,5.376,554.21184,2.7436758,2.602059991,0.73045926,2.01321654,2.126991348
a_mm,26/05/2016,jacaranda_mimosifolia,Mangrove Mountain,001-A-039,001-A-039-jacaranda_mimosifolia,400,94.5,115.03,4.27,403.515,2.605859684,2.602059991,0.630427875,1.975431809,2.06081112
a_mm,26/05/2016,jacaranda_mimosifolia,Mangrove Mountain,001-A-039,001-A-039-jacaranda_mimosifolia,400,101.905,121.815,4.377,446.038185,2.64937204,2.602059991,0.641176547,2.008195493,2.08570077
a_mm,26/05/2016,jacaranda_mimosifolia,Mangrove Mountain,001-A-039,001-A-039-jacaranda_mimosifolia,400,93.655,115.005,4.659,436.338645,2.639823679,2.602059991,0.66829271,1.971530968,2.060716722
a_mm,26/05/2016,jacaranda_mimosifolia,Mangrove Mountain,001-A-039,001-A-039-jacaranda_mimosifolia,400,115.5,139.835,4.794,553.707,2.743280014,2.602059991,0.68069803,2.062581984,2.145615887
a_mm,26/05/2016,jacaranda_mimosifolia,Mangrove Mountain,001-A-039,001-A-039-jacaranda_mimosifolia,400,103.555,120.95,5.039,521.813645,2.717515431,2.602059991,0.702344358,2.015171073,2.082605873
a_mm,26/05/2016,jacaranda_mimosifolia,Mangrove Mountain,001-A-039,001-A-039-jacaranda_mimosifolia,400,96.51,116.18,4.325,417.40575,2.620558427,2.602059991,0.635986112,1.984572316,2.065131372
a_mm,26/05/2016,lophostemon_confertus,Mangrove Mountain,005-A-042,005-A-042-lophostemon_confertus,200,70.325,90.24,4.813,338.474225,2.529525603,2.301029996,0.682415862,1.847109741,1.955399087
a_mm,26/05/2016,lophostemon_confertus,Mangrove Mountain,005-A-042,005-A-042-lophostemon_confertus,200,63.31,74.445,4.053,256.59543,2.409248917,2.301029996,0.607776604,1.801472314,1.871835534
a_mm,26/05/2016,lophostemon_confertus,Mangrove Mountain,005-A-042,005-A-042-lophostemon_confertus,200,58.365,65.605,4.226,246.65049,2.392081983,2.301029996,0.625929493,1.76615249,1.81693694
a_mm,26/05/2016,lophostemon_confertus,Mangrove Mountain,005-A-042,005-A-042-lophostemon_confertus,200,70.285,77.31,3.831,269.261835,2.430174801,2.301029996,0.583312152,1.846862649,1.888235673
a_mm,26/05/2016,lophostemon_confertus,Mangrove Mountain,005-A-042,005-A-042-lophostemon_confertus,200,63.865,77.675,3.835,244.922275,2.389028285,2.301029996,0.583765368,1.805262917,1.890281262
a_mm,26/05/2016,lophostemon_confertus,Mangrove Mountain,005-A-042,005-A-042-lophostemon_confertus,200,53.445,67.18,4.667,249.427815,2.396944882,2.301029996,0.669037801,1.727907081,1.82724
a_mm,26/05/2016,lophostemon_confertus,Mangrove Mountain,005-A-042,005-A-042-lophostemon_confertus,200,58.795,75.275,3.348,196.84566,2.294125844,2.301029996,0.524785449,1.769340395,1.876650764
a_mm,26/05/2016,lophostemon_confertus,Mangrove Mountain,005-A-042,005-A-042-lophostemon_confertus,200,58.815,75.6,4.024,236.67156,2.374146073,2.301029996,0.604657972,1.769488101,1.878521796
a_mm,26/05/2016,lophostemon_confertus,Mangrove Mountain,005-A-042,005-A-042-lophostemon_confertus,200,44.24,53.805,2.54,112.3696,2.050648835,2.301029996,0.404833717,1.645815118,1.730822636
a_mm,26/05/2016,lophostemon_confertus,Mangrove Mountain,005-A-042,005-A-042-lophostemon_confertus,200,60.42,76.99,4.055,245.0031,2.389171579,2.301029996,0.607990859,1.781180721,1.88643432
a_mm,26/05/2016,lophostemon_confertus,Mangrove Mountain,005-A-042,005-A-042-lophostemon_confertus,200,61.995,77.96,4.217,261.432915,2.417360265,2.301029996,0.625003601,1.792356664,1.89187183
a_mm,26/05/2016,lophostemon_confertus,Mangrove Mountain,005-A-042,005-A-042-lophostemon_confertus,200,54.54,72.165,5.445,296.9703,2.472713018,2.301029996,0.735997884,1.736715134,1.858326616
a_mm,26/05/2016,lophostemon_confertus,Mangrove Mountain,005-A-042,005-A-042-lophostemon_confertus,200,61.195,67.43,4.76,291.2882,2.464322892,2.301029996,0.677606953,1.786715939,1.82885316
a_mm,26/05/2016,lophostemon_confertus,Mangrove Mountain,005-A-042,005-A-042-lophostemon_confertus,200,60.93,75.515,4.354,265.28922,2.423719603,2.301029996,0.638888425,1.784831178,1.878033227
a_mm,26/05/2016,lophostemon_confertus,Mangrove Mountain,005-A-042,005-A-042-lophostemon_confertus,200,58.68,67.54,5.154,302.43672,2.480634519,2.301029996,0.712144414,1.768490105,1.829561056
a_mm,26/05/2016,lophostemon_confertus,Mangrove Mountain,001-A-076,001-A-076-lophostemon_confertus,75,39.865,55.345,3.51,139.92615,2.145898885,1.875061263,0.545307116,1.600591768,1.743078392
a_mm,26/05/2016,lophostemon_confertus,Mangrove Mountain,001-A-076,001-A-076-lophostemon_confertus,75,47.36,54.52,4.24,200.8064,2.30277755,1.875061263,0.627365857,1.675411694,1.736555847
a_mm,26/05/2016,lophostemon_confertus,Mangrove Mountain,001-A-076,001-A-076-lophostemon_confertus,75,37.835,51.93,4.044,153.00474,2.184704885,1.875061263,0.606811147,1.577893738,1.715418323
a_mm,26/05/2016,lophostemon_confertus,Mangrove Mountain,001-A-076,001-A-076-lophostemon_confertus,75,36.11,47.11,3.555,128.37105,2.108467093,1.875061263,0.550839605,1.557627488,1.673113104
a_mm,26/05/2016,lophostemon_confertus,Mangrove Mountain,001-A-076,001-A-076-lophostemon_confertus,75,36.165,44.885,3.552,128.45808,2.108761427,1.875061263,0.550472957,1.558288469,1.65210123
a_mm,26/05/2016,lophostemon_confertus,Mangrove Mountain,001-A-076,001-A-076-lophostemon_confertus,75,42.705,58.035,4.422,188.84151,2.276097464,1.875061263,0.645618738,1.630478726,1.763689989
a_mm,26/05/2016,lophostemon_confertus,Mangrove Mountain,001-A-076,001-A-076-lophostemon_confertus,75,34.075,45.245,3.543,120.727725,2.081807017,1.875061263,0.549371152,1.532435865,1.655570593
a_mm,26/05/2016,lophostemon_confertus,Mangrove Mountain,001-A-076,001-A-076-lophostemon_confertus,75,31.71,45.265,3.509,111.27039,2.04637961,1.875061263,0.545183368,1.501196242,1.655762525
a_mm,26/05/2016,lophostemon_confertus,Mangrove Mountain,001-A-076,001-A-076-lophostemon_confertus,75,39.71,54.99,3.594,142.71774,2.15447796,1.875061263,0.555578073,1.598899887,1.74028372
a_mm,26/05/2016,lophostemon_confertus,Mangrove Mountain,001-A-076,001-A-076-lophostemon_confertus,75,35.21,46.31,3.73,131.3333,2.118374857,1.875061263,0.571708832,1.546666025,1.665674781
a_mm,26/05/2016,lophostemon_confertus,Mangrove Mountain,001-A-076,001-A-076-lophostemon_confertus,75,43.38,57.835,4.416,191.56608,2.282318612,1.875061263,0.645029065,1.637289548,1.76219074
a_mm,26/05/2016,lophostemon_confertus,Mangrove Mountain,001-A-076,001-A-076-lophostemon_confertus,75,34.16,42.21,3.493,119.32088,2.076716448,1.875061263,0.543198586,1.533517862,1.625415352
a_mm,26/05/2016,lophostemon_confertus,Mangrove Mountain,001-A-076,001-A-076-lophostemon_confertus,75,33.87,47.76,4.115,139.37505,2.144185036,1.875061263,0.61436984,1.529815197,1.679064318
a_mm,26/05/2016,lophostemon_confertus,Mangrove Mountain,001-A-076,001-A-076-lophostemon_confertus,75,38.04,54.69,4.254,161.82216,2.209037994,1.875061263,0.628797486,1.580240508,1.737907923
a_mm,26/05/2016,lophostemon_confertus,Mangrove Mountain,001-A-076,001-A-076-lophostemon_confertus,75,36.28,45.46,3.825,138.771,2.142298718,1.875061263,0.582631439,1.559667278,1.657629431
a_mm,26/05/2016,lophostemon_confertus,Mangrove Mountain,001-A-076,001-A-076-lophostemon_confertus,75,37.13,50.695,4.007,148.77991,2.172544292,1.875061263,0.602819342,1.569724949,1.704965127
a_mm,26/05/2016,lophostemon_confertus,Mangrove Mountain,001-A-076,001-A-076-lophostemon_confertus,75,32.15,44,3.446,110.7889,2.04449625,1.875061263,0.537315273,1.507180977,1.643452676
a_mm,26/05/2016,lophostemon_confertus,Mangrove Mountain,001-A-076,001-A-076-lophostemon_confertus,75,35.53,49.48,3.801,135.04953,2.130493077,1.875061263,0.57989787,1.550595207,1.694429691
a_mm,26/05/2016,lophostemon_confertus,Mangrove Mountain,001-A-076,001-A-076-lophostemon_confertus,75,30.055,51.325,2.935,88.211425,1.945524838,1.875061263,0.467608106,1.477916732,1.710328958
a_mm,26/05/2016,lophostemon_confertus,Mangrove Mountain,001-A-076,001-A-076-lophostemon_confertus,75,38.215,53.945,2.901,110.861715,2.044781593,1.875061263,0.462547729,1.582233864,1.731951197
a_mm,26/05/2016,lophostemon_confertus,Mangrove Mountain,001-A-076,001-A-076-lophostemon_confertus,75,43.695,60.04,4.52,197.5014,2.295570178,1.875061263,0.655138435,1.640431744,1.778440684
a_mm,26/05/2016,lophostemon_confertus,Mangrove Mountain,001-A-076,001-A-076-lophostemon_confertus,75,37.64,56.82,4.319,162.56716,2.211032819,1.875061263,0.635383204,1.575649615,1.754501229
a_mm,26/05/2016,lophostemon_confertus,Mangrove Mountain,001-A-076,001-A-076-lophostemon_confertus,75,39.84,61.505,3.746,149.24064,2.173887103,1.875061263,0.573567773,1.60031933,1.788910423
a_mm,26/05/2016,lophostemon_confertus,Mangrove Mountain,001-A-076,001-A-076-lophostemon_confertus,75,38.205,61.71,3.96,151.2918,2.17981539,1.875061263,0.597695186,1.582120204,1.790355546
a_mm,26/05/2016,lophostemon_confertus,Mangrove Mountain,001-A-076,001-A-076-lophostemon_confertus,75,35.205,50.7,3.495,123.041475,2.090051529,1.875061263,0.54344718,1.546604349,1.705007959
a_mm,26/05/2016,magnolia_grandiflora_littlegem,Mangrove Mountain,001-A-051,001-A-051-magnolia_grandiflora_littlegem,200,47.23,69.31,2.693,127.19039,2.104454299,2.301029996,0.430236353,1.674217946,1.840795899
a_mm,26/05/2016,magnolia_grandiflora_littlegem,Mangrove Mountain,001-A-051,001-A-051-magnolia_grandiflora_littlegem,200,42.43,64.61,2.692,114.22156,2.057748087,2.301029996,0.430075056,1.627673032,1.810299741
a_mm,26/05/2016,magnolia_grandiflora_littlegem,Mangrove Mountain,001-A-051,001-A-051-magnolia_grandiflora_littlegem,200,47.86,75.845,2.939,140.66054,2.14817228,2.301029996,0.468199586,1.679972694,1.879926956
a_mm,26/05/2016,magnolia_grandiflora_littlegem,Mangrove Mountain,001-A-051,001-A-051-magnolia_grandiflora_littlegem,200,37.785,58.435,2.351,88.832535,1.948572056,2.301029996,0.371252629,1.577319427,1.766673048
a_mm,26/05/2016,magnolia_grandiflora_littlegem,Mangrove Mountain,001-A-051,001-A-051-magnolia_grandiflora_littlegem,200,47.42,55.95,2.79,132.3018,2.121565753,2.301029996,0.445604203,1.67596155,1.747800091
a_mm,26/05/2016,magnolia_grandiflora_littlegem,Mangrove Mountain,001-A-051,001-A-051-magnolia_grandiflora_littlegem,200,46.245,57.715,2.934,135.68283,2.132524893,2.301029996,0.46746011,1.665064784,1.7612887
a_mm,26/05/2016,magnolia_grandiflora_littlegem,Mangrove Mountain,001-A-051,001-A-051-magnolia_grandiflora_littlegem,200,51.68,66.395,2.934,151.62912,2.180782614,2.301029996,0.46746011,1.713322505,1.822135375
a_mm,26/05/2016,magnolia_grandiflora_littlegem,Mangrove Mountain,001-A-051,001-A-051-magnolia_grandiflora_littlegem,200,46.65,63.58,2.659,124.04235,2.093569985,2.301029996,0.424718337,1.668851648,1.803320524
a_mm,26/05/2016,magnolia_grandiflora_littlegem,Mangrove Mountain,001-A-051,001-A-051-magnolia_grandiflora_littlegem,200,43.065,61.415,2.571,110.720115,2.044226528,2.301029996,0.410102077,1.634124452,1.788274456
a_mm,26/05/2016,magnolia_grandiflora_littlegem,Mangrove Mountain,001-A-051,001-A-051-magnolia_grandiflora_littlegem,200,46.725,61.55,2.527,118.074075,2.072154552,2.301029996,0.402605242,1.66954931,1.789228057
a_mm,26/05/2016,magnolia_grandiflora_littlegem,Mangrove Mountain,001-A-051,001-A-051-magnolia_grandiflora_littlegem,200,43.55,56.595,2.552,111.1396,2.045868829,2.301029996,0.40688067,1.638988159,1.752778064
a_mm,26/05/2016,magnolia_grandiflora_littlegem,Mangrove Mountain,001-A-051,001-A-051-magnolia_grandiflora_littlegem,200,40.08,52.64,2.334,93.54672,1.971028565,2.301029996,0.368100852,1.602927713,1.721315881
a_mm,26/05/2016,magnolia_grandiflora_littlegem,Mangrove Mountain,001-A-051,001-A-051-magnolia_grandiflora_littlegem,200,46.11,64.715,2.606,120.16266,2.079769534,2.301029996,0.415974411,1.663795122,1.811004956
a_mm,26/05/2016,magnolia_grandiflora_littlegem,Mangrove Mountain,001-A-051,001-A-051-magnolia_grandiflora_littlegem,200,43.09,59.29,2.837,122.24633,2.08723583,2.301029996,0.452859336,1.634376494,1.77298145
a_mm,26/05/2016,magnolia_grandiflora_littlegem,Mangrove Mountain,001-A-051,001-A-051-magnolia_grandiflora_littlegem,200,41.145,59.62,2.776,114.21852,2.057736528,2.301029996,0.443419462,1.614317067,1.775391972
a_mm,26/05/2016,tristaniopsis_laurina_luscious,Mangrove Mountain,001-A-035,001-A-035-tristaniopsis_laurina_luscious,400,62.705,70.445,3.298,206.80109,2.315552823,2.602059991,0.518250651,1.797302172,1.847850173
a_mm,26/05/2016,tristaniopsis_laurina_luscious,Mangrove Mountain,001-A-035,001-A-035-tristaniopsis_laurina_luscious,400,51.51,68.695,3.3,169.983,2.23040549,2.602059991,0.51851394,1.71189155,1.836925128
a_mm,26/05/2016,tristaniopsis_laurina_luscious,Mangrove Mountain,001-A-035,001-A-035-tristaniopsis_laurina_luscious,400,58.56,79.99,3.345,195.8832,2.29199719,2.602059991,0.524396122,1.767601068,1.903035697
a_mm,26/05/2016,tristaniopsis_laurina_luscious,Mangrove Mountain,001-A-035,001-A-035-tristaniopsis_laurina_luscious,400,64.685,82.335,3.597,232.671945,2.36674402,2.602059991,0.555940438,1.810803582,1.91558449
a_mm,26/05/2016,tristaniopsis_laurina_luscious,Mangrove Mountain,001-A-035,001-A-035-tristaniopsis_laurina_luscious,400,56.45,75.47,3.445,194.47025,2.288853173,2.602059991,0.537189226,1.751663946,1.87777435
a_mm,26/05/2016,tristaniopsis_laurina_luscious,Mangrove Mountain,001-A-035,001-A-035-tristaniopsis_laurina_luscious,400,67.225,77.095,3.666,246.44685,2.391723272,2.602059991,0.564192461,1.827530811,1.887026213
a_mm,26/05/2016,tristaniopsis_laurina_luscious,Mangrove Mountain,001-A-035,001-A-035-tristaniopsis_laurina_luscious,400,58.96,78.37,3.309,195.09864,2.290254242,2.602059991,0.519696767,1.770557475,1.894149847
a_mm,26/05/2016,tristaniopsis_laurina_luscious,Mangrove Mountain,001-A-035,001-A-035-tristaniopsis_laurina_luscious,400,55.55,80.885,3.347,185.92585,2.269339776,2.602059991,0.524655712,1.744684063,1.90786799
a_mm,26/05/2016,tristaniopsis_laurina_luscious,Mangrove Mountain,001-A-035,001-A-035-tristaniopsis_laurina_luscious,400,61.035,81.89,3.456,210.93696,2.324152683,2.602059991,0.538573734,1.785578949,1.913230871
a_mm,26/05/2016,tristaniopsis_laurina_luscious,Mangrove Mountain,001-A-035,001-A-035-tristaniopsis_laurina_luscious,400,66.495,80.595,3.46,230.0727,2.361865089,2.602059991,0.539076099,1.82278899,1.9063081
a_mm,26/05/2016,waterhousea_floribunda_ameroo,Mangrove Mountain,001-A-052,001-A-052-waterhousea_floribunda_ameroo,400,62.475,78.94,2.948,184.1763,2.265233744,2.602059991,0.469527479,1.795706265,1.897297122
a_mm,26/05/2016,waterhousea_floribunda_ameroo,Mangrove Mountain,001-A-052,001-A-052-waterhousea_floribunda_ameroo,400,53.1395,68.09,3.649,193.9060355,2.287591327,2.602059991,0.562173863,1.725417464,1.833083334
a_mm,26/05/2016,waterhousea_floribunda_ameroo,Mangrove Mountain,001-A-052,001-A-052-waterhousea_floribunda_ameroo,400,60.755,73.975,3.686,223.94293,2.350137356,2.602059991,0.566555331,1.783582025,1.869084974
a_mm,26/05/2016,waterhousea_floribunda_ameroo,Mangrove Mountain,001-A-052,001-A-052-waterhousea_floribunda_ameroo,400,54.745,73.545,3.745,205.020025,2.311796282,2.602059991,0.573451822,1.73834446,1.866553152
a_mm,26/05/2016,waterhousea_floribunda_ameroo,Mangrove Mountain,001-A-052,001-A-052-waterhousea_floribunda_ameroo,400,53.98,66.725,3.356,181.15688,2.258054832,2.602059991,0.525821952,1.73223288,1.824288582
a_mm,26/05/2016,waterhousea_floribunda_ameroo,Mangrove Mountain,001-A-052,001-A-052-waterhousea_floribunda_ameroo,400,68.845,73.765,3.134,215.76023,2.333971396,2.602059991,0.496098992,1.837872404,1.867850347
a_mm,26/05/2016,waterhousea_floribunda_ameroo,Mangrove Mountain,001-A-052,001-A-052-waterhousea_floribunda_ameroo,400,60.385,71.05,3.095,186.891575,2.271589724,2.602059991,0.490660653,1.780929071,1.851564082
a_mm,26/05/2016,waterhousea_floribunda_ameroo,Mangrove Mountain,001-A-052,001-A-052-waterhousea_floribunda_ameroo,400,56.845,66.795,3.26,185.3147,2.267909871,2.602059991,0.5132176,1.754692271,1.824743954
a_mm,26/05/2016,waterhousea_floribunda_ameroo,Mangrove Mountain,001-A-052,001-A-052-waterhousea_floribunda_ameroo,400,56.15,67.12,3.514,197.3111,2.295151518,2.602059991,0.545801757,1.749349761,1.826851948
a_mm,26/05/2016,waterhousea_floribunda_ameroo,Mangrove Mountain,001-A-052,001-A-052-waterhousea_floribunda_ameroo,400,53.045,65.825,3.569,189.317605,2.277191002,2.602059991,0.552546548,1.724644454,1.818390868
a_mm,26/05/2016,waterhousea_floribunda_ameroo,Mangrove Mountain,001-A-052,001-A-052-waterhousea_floribunda_ameroo,400,61.04,69.76,3.134,191.29936,2.281713517,2.602059991,0.496098992,1.785614525,1.843606472
a_mm,26/05/2016,waterhousea_floribunda_ameroo,Mangrove Mountain,001-A-052,001-A-052-waterhousea_floribunda_ameroo,400,55.84,71.315,3.245,181.2008,2.258160111,2.602059991,0.511214701,1.74694541,1.853180887
a_mm,26/05/2016,waterhousea_floribunda_ameroo,Mangrove Mountain,001-A-052,001-A-052-waterhousea_floribunda_ameroo,400,63.99,75.41,3.525,225.56475,2.353271231,2.602059991,0.547159121,1.80611211,1.877428941
a_mm,26/05/2016,waterhousea_floribunda_ameroo,Mangrove Mountain,001-A-052,001-A-052-waterhousea_floribunda_ameroo,400,55.755,67.91,3.075,171.446625,2.23412894,2.602059991,0.48784512,1.74628382,1.83193373
a_mm,26/05/2016,waterhousea_floribunda_ameroo,Mangrove Mountain,001-A-052,001-A-052-waterhousea_floribunda_ameroo,400,60.49,72.01,3.286,198.77014,2.298351144,2.602059991,0.516667559,1.781683585,1.857392811
a_mm,26/05/2016,waterhousea_floribunda_ameroo,Mangrove Mountain,001-A-047,001-A-047-waterhousea_floribunda_ameroo,200,48.7,63.385,3.356,163.4372,2.213350913,2.301029996,0.525821952,1.687528961,1.801986495
a_mm,26/05/2016,waterhousea_floribunda_ameroo,Mangrove Mountain,001-A-047,001-A-047-waterhousea_floribunda_ameroo,200,49.95,58.9,3.094,154.5453,2.189055802,2.301029996,0.490520309,1.698535493,1.770115295
a_mm,26/05/2016,waterhousea_floribunda_ameroo,Mangrove Mountain,001-A-047,001-A-047-waterhousea_floribunda_ameroo,200,47.86,61.48,3.287,157.31582,2.196772398,2.301029996,0.516799704,1.679972694,1.788733859
a_mm,26/05/2016,waterhousea_floribunda_ameroo,Mangrove Mountain,001-A-047,001-A-047-waterhousea_floribunda_ameroo,200,52.615,70.005,3.387,178.207005,2.250924771,2.301029996,0.529815197,1.721109575,1.84512906
a_mm,26/05/2016,waterhousea_floribunda_ameroo,Mangrove Mountain,001-A-047,001-A-047-waterhousea_floribunda_ameroo,200,49.14,62.395,3.5,171.99,2.235503196,2.301029996,0.544068044,1.691435152,1.795149789
a_mm,26/05/2016,waterhousea_floribunda_ameroo,Mangrove Mountain,001-A-047,001-A-047-waterhousea_floribunda_ameroo,200,51.7,65.045,3.5,180.95,2.257558587,2.301029996,0.544068044,1.713490543,1.813213918
a_mm,26/05/2016,waterhousea_floribunda_ameroo,Mangrove Mountain,001-A-047,001-A-047-waterhousea_floribunda_ameroo,200,45.745,59.85,3.155,144.325475,2.159342996,2.301029996,0.498999364,1.660343632,1.777064155
a_mm,26/05/2016,waterhousea_floribunda_ameroo,Mangrove Mountain,001-A-047,001-A-047-waterhousea_floribunda_ameroo,200,47.395,61.75,2.986,141.52147,2.150822331,2.301029996,0.475089803,1.675732528,1.790636962
a_mm,26/05/2016,waterhousea_floribunda_ameroo,Mangrove Mountain,001-A-047,001-A-047-waterhousea_floribunda_ameroo,200,44.06,59.04,3.498,154.12188,2.187864298,2.301029996,0.543819805,1.644044493,1.771146349
a_mm,26/05/2016,waterhousea_floribunda_ameroo,Mangrove Mountain,001-A-047,001-A-047-waterhousea_floribunda_ameroo,200,46.37,60.735,2.847,132.01539,2.120624563,2.301029996,0.454387467,1.666237096,1.783439036
a_mm,26/05/2016,waterhousea_floribunda_ameroo,Mangrove Mountain,001-A-047,001-A-047-waterhousea_floribunda_ameroo,200,52.835,67.47,3.056,161.46376,2.208075062,2.301029996,0.48515335,1.722921712,1.82911071
a_mm,26/05/2016,waterhousea_floribunda_ameroo,Mangrove Mountain,001-A-047,001-A-047-waterhousea_floribunda_ameroo,200,48.535,61.53,3.957,192.052995,2.283421084,2.301029996,0.59736605,1.686055034,1.789086915
a_mm,26/05/2016,waterhousea_floribunda_ameroo,Mangrove Mountain,001-A-047,001-A-047-waterhousea_floribunda_ameroo,200,48.215,59.45,2.858,137.79847,2.139244396,2.301029996,0.456062224,1.683182171,1.774151859
a_mm,26/05/2016,waterhousea_floribunda_ameroo,Mangrove Mountain,001-A-047,001-A-047-waterhousea_floribunda_ameroo,200,48.95,63.15,3.694,180.8213,2.257249587,2.301029996,0.567496891,1.689752696,1.800373355
a_mm,26/05/2016,waterhousea_floribunda_ameroo,Mangrove Mountain,001-A-047,001-A-047-waterhousea_floribunda_ameroo,200,46.92,59.71,3.439,161.35788,2.207790179,2.301029996,0.536432176,1.671358003,1.776047071
a_mm,26/05/2016,ficus_rubiginosa,Mangrove Mountain,001-A-053,001-A-053-ficus_rubiginosa,1500,236.8225553,267.3803044,4.966,1176.06081,3.070429778,3.176091259,0.696006715,2.374423063,2.427129413
a_mm,26/05/2016,ficus_rubiginosa,Mangrove Mountain,001-A-053,001-A-053-ficus_rubiginosa,1500,381.0169338,417.3042608,4.999,1904.703652,3.279827414,3.176091259,0.698883137,2.580944278,2.620452819
a_mm,26/05/2016,ficus_rubiginosa,Mangrove Mountain,001-A-053,001-A-053-ficus_rubiginosa,1500,250.5098804,260.059177,5.5,1377.804342,3.139187549,3.176091259,0.740362689,2.39882486,2.415072184
a_mm,26/05/2016,ficus_rubiginosa,Mangrove Mountain,001-A-053,001-A-053-ficus_rubiginosa,1500,319.9014356,351.4141143,3.995,1278.006235,3.106532973,3.176091259,0.601516784,2.505016189,2.545819201
a_mm,26/05/2016,ficus_rubiginosa,Mangrove Mountain,001-A-053,001-A-053-ficus_rubiginosa,1500,225.0450895,244.4619926,4.72,1062.212823,3.02621154,3.176091259,0.673941999,2.352269541,2.388211347
a_mm,26/05/2016,ficus_rubiginosa,Mangrove Mountain,001-A-053,001-A-053-ficus_rubiginosa,2000,237.1408652,254.6479089,5.346,1267.755065,3.103035354,3.301029996,0.728028954,2.3750064,2.405940114
a_mm,26/05/2016,ficus_rubiginosa,Mangrove Mountain,001-A-053,001-A-053-ficus_rubiginosa,2000,188.1211427,211.3577644,4.664,877.3970097,2.94319615,3.301029996,0.668758542,2.274437608,2.325018207
a_mm,26/05/2016,ficus_rubiginosa,Mangrove Mountain,001-A-053,001-A-053-ficus_rubiginosa,2000,253.0563595,274.7014318,5.347,1353.092354,3.13132744,3.301029996,0.728110184,2.403217256,2.438860923
a_mm,26/05/2016,ficus_rubiginosa,Mangrove Mountain,001-A-053,001-A-053-ficus_rubiginosa,2000,237.777485,266.4253747,5.034,1196.971859,3.07808394,3.301029996,0.701913211,2.376170729,2.425575585
a_mm,26/05/2016,ficus_rubiginosa,Mangrove Mountain,001-A-015,001-A-015-ficus_rubiginosa,750,162.338042,210.0845249,5.6,909.0930349,2.95860833,2.875061263,0.748188027,2.210420303,2.322394063
a_mm,26/05/2016,ficus_rubiginosa,Mangrove Mountain,001-A-015,001-A-015-ficus_rubiginosa,750,158.5183233,178.2535363,3.65,578.5918801,2.762372335,2.875061263,0.562292864,2.20007947,2.251038154
a_mm,26/05/2016,ficus_rubiginosa,Mangrove Mountain,001-A-015,001-A-015-ficus_rubiginosa,750,152.7887454,183.0281846,3.13,478.228773,2.679635702,2.875061263,0.495544338,2.184091365,2.262517972
a_mm,26/05/2016,ficus_rubiginosa,Mangrove Mountain,001-A-015,001-A-015-ficus_rubiginosa,750,166.4760705,191.3042416,4.01,667.5690426,2.824496189,2.875061263,0.603144373,2.221351816,2.281724599
a_mm,26/05/2016,ficus_rubiginosa,Mangrove Mountain,001-A-015,001-A-015-ficus_rubiginosa,750,161.7014222,223.1352302,3.536,571.7762288,2.757226096,2.875061263,0.548512256,2.20871384,2.348568145
a_mm,26/05/2016,ficus_rubiginosa,Mangrove Mountain,001-A-015,001-A-015-ficus_rubiginosa,750,159.7915629,218.6788918,3.495,558.4715122,2.747001025,2.875061263,0.54344718,2.203553844,2.339806864
a_mm,26/05/2016,ficus_rubiginosa,Mangrove Mountain,001-A-015,001-A-015-ficus_rubiginosa,750,133.3718423,167.74931,4.62,616.1779115,2.789706126,2.875061263,0.664641976,2.12506415,2.224660743
a_mm,26/05/2016,ficus_rubiginosa,Mangrove Mountain,001-A-015,001-A-015-ficus_rubiginosa,750,160.7464925,179.2084659,4.7,755.5085149,2.878239363,2.875061263,0.672097858,2.206141505,2.253358522
a_mm,26/05/2016,ficus_rubiginosa,Mangrove Mountain,001-A-015,001-A-015-ficus_rubiginosa,750,133.3718423,167.1126902,4.58,610.8430378,2.785929628,2.875061263,0.660865478,2.12506415,2.223009431
a_mm,26/05/2016,ficus_rubiginosa,Mangrove Mountain,001-A-015,001-A-015-ficus_rubiginosa,750,146.4225476,216.7690325,4.56,667.6868173,2.824572802,2.875061263,0.658964843,2.165607959,2.335997239
a_mm,26/05/2016,ficus_rubiginosa,Mangrove Mountain,001-A-015,001-A-015-ficus_rubiginosa,750,153.743675,215.1774831,3.98,611.8998266,2.78668033,2.875061263,0.599883072,2.186797258,2.332796823
a_mm,26/05/2016,ficus_rubiginosa,Mangrove Mountain,001-A-015,001-A-015-ficus_rubiginosa,750,155.0169146,219.3155116,4.805,744.8562745,2.872072481,2.875061263,0.681693392,2.190379089,2.341069349
a_mm,26/05/2016,ficus_rubiginosa,Mangrove Mountain,001-A-015,001-A-015-ficus_rubiginosa,750,162.338042,200.2169184,3.646,591.884501,2.772236968,2.875061263,0.561816664,2.210420303,2.301500773
a_mm,26/05/2016,ficus_rubiginosa,Mangrove Mountain,003-A-035,003-A-035-ficus_rubiginosa,2000,191.9408614,218.042272,4.879,936.4794626,2.971498258,3.301029996,0.688330818,2.283167439,2.338540699
a_mm,26/05/2016,ficus_rubiginosa,Mangrove Mountain,003-A-035,003-A-035-ficus_rubiginosa,2000,235.5493158,248.6000211,4.235,997.5513523,2.998935262,3.301029996,0.626853415,2.372081847,2.395501161
